{
    "text": "浪 奔 浪 流 万 里 涛 涛 江 水 永 不 休 淘 尽 了 世 间 事 混 作 滔 滔 一 片 潮 流 是 喜 是 愁 浪 里 分 不 清 欢 笑 悲 忧 成 功 失 败 浪 里 看 不 出 有 未 有 爱 你 恨 你 问 君 知 否 似 大 江 一 发 不 收 转 千 弯 转 千 滩 亦 未 平 复 此 中 争 斗 又 有 喜 又 有 愁 就 算 分 不 清 欢 笑 悲 忧 仍 愿 翻 百 千 浪 在 我 心 中 起 伏 够 爱 你 恨 你 问 君 知 否 似 大 江 一 发 不 收 转 千 弯 转 千 滩 亦 未 平 复 此 中 争 斗 又 有 喜 又 有 愁 就 算 分 不 清 欢 笑 悲 忧 仍 愿 翻 百 千 浪 在 我 心 中 起 伏 够 仍 愿 翻 百 千 浪 在 我 心 中 起 伏 够",
    "segments": [
        {
            "start": 18.81,
            "end": 23.34,
            "text": "浪 奔 浪 流",
            "words": [
                {
                    "word": "浪",
                    "start": 18.81,
                    "end": 20.01,
                    "note": 71
                },
                {
                    "word": " 奔",
                    "start": 20.01,
                    "end": 20.81,
                    "note": 62
                },
                {
                    "word": " 浪",
                    "start": 21.54,
                    "end": 22.3,
                    "note": 70
                },
                {
                    "word": " 流",
                    "start": 22.3,
                    "end": 23.34,
                    "note": 67
                }
            ]
        },
        {
            "start": 24.11,
            "end": 30.01,
            "text": "万 里 涛 涛 江 水 永 不 休",
            "words": [
                {
                    "word": "万",
                    "start": 24.11,
                    "end": 24.48,
                    "note": 70
                },
                {
                    "word": " 里",
                    "start": 24.48,
                    "end": 24.9,
                    "note": 65
                },
                {
                    "word": " 涛",
                    "start": 24.9,
                    "end": 25.24,
                    "note": 70
                },
                {
                    "word": " 涛",
                    "start": 25.24,
                    "end": 26.25,
                    "note": 76
                },
                {
                    "word": " 江",
                    "start": 26.25,
                    "end": 26.95,
                    "note": 65
                },
                {
                    "word": " 水",
                    "start": 26.95,
                    "end": 27.1,
                    "note": 60
                },
                {
                    "word": " 永",
                    "start": 27.33,
                    "end": 28.97,
                    "note": 65
                },
                {
                    "word": " 不",
                    "start": 29.54,
                    "end": 29.87,
                    "note": 67
                },
                {
                    "word": " 休",
                    "start": 29.87,
                    "end": 30.01,
                    "note": 65
                }
            ]
        },
        {
            "start": 30.01,
            "end": 33.55,
            "text": "淘 尽 了 世 间 事",
            "words": [
                {
                    "word": "淘",
                    "start": 30.01,
                    "end": 30.07,
                    "note": 69
                },
                {
                    "word": " 尽",
                    "start": 30.07,
                    "end": 31.28,
                    "note": 62
                },
                {
                    "word": " 了",
                    "start": 31.28,
                    "end": 31.34,
                    "note": 58
                },
                {
                    "word": " 世",
                    "start": 31.74,
                    "end": 31.98,
                    "note": 59
                },
                {
                    "word": " 间",
                    "start": 32.98,
                    "end": 33.48,
                    "note": 48
                },
                {
                    "word": " 事",
                    "start": 33.48,
                    "end": 33.55,
                    "note": 48
                }
            ]
        },
        {
            "start": 34.72,
            "end": 39.26,
            "text": "混 作 滔 滔 一 片 潮 流",
            "words": [
                {
                    "word": "混",
                    "start": 34.72,
                    "end": 35.25,
                    "note": 67
                },
                {
                    "word": " 作",
                    "start": 35.25,
                    "end": 36.3,
                    "note": 62
                },
                {
                    "word": " 滔",
                    "start": 36.96,
                    "end": 37.1,
                    "note": 72
                },
                {
                    "word": " 滔",
                    "start": 37.1,
                    "end": 37.26,
                    "note": 64
                },
                {
                    "word": " 一",
                    "start": 37.26,
                    "end": 37.54,
                    "note": 56
                },
                {
                    "word": " 片",
                    "start": 37.54,
                    "end": 38.04,
                    "note": 58
                },
                {
                    "word": " 潮",
                    "start": 38.04,
                    "end": 38.25,
                    "note": 63
                },
                {
                    "word": " 流",
                    "start": 38.25,
                    "end": 39.26,
                    "note": 58
                }
            ]
        },
        {
            "start": 40.06,
            "end": 44.49,
            "text": "是 喜 是 愁",
            "words": [
                {
                    "word": "是",
                    "start": 40.06,
                    "end": 42.06,
                    "note": 63
                },
                {
                    "word": " 喜",
                    "start": 42.44,
                    "end": 43.5,
                    "note": 59
                },
                {
                    "word": " 是",
                    "start": 43.5,
                    "end": 43.65,
                    "note": 59
                },
                {
                    "word": " 愁",
                    "start": 43.65,
                    "end": 44.49,
                    "note": 55
                }
            ]
        },
        {
            "start": 45.48,
            "end": 49.98,
            "text": "浪 里 分 不 清 欢 笑 悲 忧",
            "words": [
                {
                    "word": "浪",
                    "start": 45.48,
                    "end": 46.13,
                    "note": 68
                },
                {
                    "word": " 里",
                    "start": 46.13,
                    "end": 46.18,
                    "note": 66
                },
                {
                    "word": " 分",
                    "start": 46.18,
                    "end": 46.6,
                    "note": 68
                },
                {
                    "word": " 不",
                    "start": 46.6,
                    "end": 47.14,
                    "note": 71
                },
                {
                    "word": " 清",
                    "start": 47.14,
                    "end": 47.74,
                    "note": 65
                },
                {
                    "word": " 欢",
                    "start": 47.74,
                    "end": 48.03,
                    "note": 60
                },
                {
                    "word": " 笑",
                    "start": 48.03,
                    "end": 48.29,
                    "note": 60
                },
                {
                    "word": " 悲",
                    "start": 48.64,
                    "end": 48.93,
                    "note": 65
                },
                {
                    "word": " 忧",
                    "start": 48.93,
                    "end": 49.98,
                    "note": 64
                }
            ]
        },
        {
            "start": 50.76,
            "end": 53.42,
            "text": "成 功 失 败",
            "words": [
                {
                    "word": "成",
                    "start": 50.76,
                    "end": 51.61,
                    "note": 60
                },
                {
                    "word": " 功",
                    "start": 51.61,
                    "end": 52.54,
                    "note": 64
                },
                {
                    "word": " 失",
                    "start": 53.12,
                    "end": 53.36,
                    "note": 63
                },
                {
                    "word": " 败",
                    "start": 53.36,
                    "end": 53.42,
                    "note": 53
                }
            ]
        },
        {
            "start": 53.42,
            "end": 60.2,
            "text": "浪 里 看 不 出 有 未 有",
            "words": [
                {
                    "word": "浪",
                    "start": 53.42,
                    "end": 54.72,
                    "note": 62
                },
                {
                    "word": " 里",
                    "start": 54.72,
                    "end": 54.79,
                    "note": 51
                },
                {
                    "word": " 看",
                    "start": 57.66,
                    "end": 57.86,
                    "note": 57
                },
                {
                    "word": " 不",
                    "start": 57.86,
                    "end": 58.06,
                    "note": 65
                },
                {
                    "word": " 出",
                    "start": 58.06,
                    "end": 58.58,
                    "note": 65
                },
                {
                    "word": " 有",
                    "start": 58.58,
                    "end": 58.86,
                    "note": 69
                },
                {
                    "word": " 未",
                    "start": 58.86,
                    "end": 59.6,
                    "note": 62
                },
                {
                    "word": " 有",
                    "start": 59.6,
                    "end": 60.2,
                    "note": 69
                }
            ]
        },
        {
            "start": 60.2,
            "end": 65.87,
            "text": "爱 你 恨 你 问 君 知 否",
            "words": [
                {
                    "word": "爱",
                    "start": 60.2,
                    "end": 60.23,
                    "note": 52
                },
                {
                    "word": " 你",
                    "start": 60.23,
                    "end": 60.37,
                    "note": 59
                },
                {
                    "word": " 恨",
                    "start": 60.37,
                    "end": 60.61,
                    "note": 62
                },
                {
                    "word": " 你",
                    "start": 61.14,
                    "end": 61.26,
                    "note": 63
                },
                {
                    "word": " 问",
                    "start": 61.26,
                    "end": 63.75,
                    "note": 73
                },
                {
                    "word": " 君",
                    "start": 63.75,
                    "end": 63.89,
                    "note": 63
                },
                {
                    "word": " 知",
                    "start": 64.57,
                    "end": 64.85,
                    "note": 65
                },
                {
                    "word": " 否",
                    "start": 64.85,
                    "end": 65.87,
                    "note": 67
                }
            ]
        },
        {
            "start": 66.77,
            "end": 71.15,
            "text": "似 大 江 一 发 不 收",
            "words": [
                {
                    "word": "似",
                    "start": 66.77,
                    "end": 67.06,
                    "note": 68
                },
                {
                    "word": " 大",
                    "start": 67.06,
                    "end": 67.25,
                    "note": 60
                },
                {
                    "word": " 江",
                    "start": 67.25,
                    "end": 67.53,
                    "note": 72
                },
                {
                    "word": " 一",
                    "start": 67.53,
                    "end": 67.56,
                    "note": 69
                },
                {
                    "word": " 发",
                    "start": 67.56,
                    "end": 69.53,
                    "note": 66
                },
                {
                    "word": " 不",
                    "start": 69.56,
                    "end": 70.18,
                    "note": 69
                },
                {
                    "word": " 收",
                    "start": 70.18,
                    "end": 71.15,
                    "note": 60
                }
            ]
        },
        {
            "start": 71.86,
            "end": 77.59,
            "text": "转 千 弯 转 千 滩",
            "words": [
                {
                    "word": "转",
                    "start": 71.86,
                    "end": 72.19,
                    "note": 60
                },
                {
                    "word": " 千",
                    "start": 72.19,
                    "end": 72.97,
                    "note": 57
                },
                {
                    "word": " 弯",
                    "start": 72.97,
                    "end": 74.05,
                    "note": 68
                },
                {
                    "word": " 转",
                    "start": 75.61,
                    "end": 77.05,
                    "note": 76
                },
                {
                    "word": " 千",
                    "start": 77.3,
                    "end": 77.39,
                    "note": 57
                },
                {
                    "word": " 滩",
                    "start": 77.39,
                    "end": 77.59,
                    "note": 57
                }
            ]
        },
        {
            "start": 77.59,
            "end": 82.16,
            "text": "亦 未 平 复 此 中 争 斗",
            "words": [
                {
                    "word": "亦",
                    "start": 77.59,
                    "end": 77.66,
                    "note": 57
                },
                {
                    "word": " 未",
                    "start": 77.66,
                    "end": 78.17,
                    "note": 66
                },
                {
                    "word": " 平",
                    "start": 78.17,
                    "end": 78.96,
                    "note": 56
                },
                {
                    "word": " 复",
                    "start": 78.99,
                    "end": 79.48,
                    "note": 78
                },
                {
                    "word": " 此",
                    "start": 79.51,
                    "end": 79.89,
                    "note": 66
                },
                {
                    "word": " 中",
                    "start": 79.89,
                    "end": 80.22,
                    "note": 72
                },
                {
                    "word": " 争",
                    "start": 80.22,
                    "end": 80.97,
                    "note": 67
                },
                {
                    "word": " 斗",
                    "start": 80.97,
                    "end": 82.16,
                    "note": 70
                }
            ]
        },
        {
            "start": 82.88,
            "end": 87.27,
            "text": "又 有 喜 又 有 愁",
            "words": [
                {
                    "word": "又",
                    "start": 82.88,
                    "end": 83.27,
                    "note": 62
                },
                {
                    "word": " 有",
                    "start": 83.27,
                    "end": 83.68,
                    "note": 67
                },
                {
                    "word": " 喜",
                    "start": 83.68,
                    "end": 84.97,
                    "note": 61
                },
                {
                    "word": " 又",
                    "start": 85.16,
                    "end": 85.82,
                    "note": 69
                },
                {
                    "word": " 有",
                    "start": 85.82,
                    "end": 86.12,
                    "note": 67
                },
                {
                    "word": " 愁",
                    "start": 86.12,
                    "end": 87.27,
                    "note": 57
                }
            ]
        },
        {
            "start": 88.09,
            "end": 91.76,
            "text": "就 算 分 不 清 欢 笑 悲 忧",
            "words": [
                {
                    "word": "就",
                    "start": 88.09,
                    "end": 88.5,
                    "note": 66
                },
                {
                    "word": " 算",
                    "start": 88.5,
                    "end": 88.84,
                    "note": 59
                },
                {
                    "word": " 分",
                    "start": 88.84,
                    "end": 89.23,
                    "note": 69
                },
                {
                    "word": " 不",
                    "start": 89.23,
                    "end": 89.29,
                    "note": 81
                },
                {
                    "word": " 清",
                    "start": 89.85,
                    "end": 90.27,
                    "note": 68
                },
                {
                    "word": " 欢",
                    "start": 90.27,
                    "end": 90.54,
                    "note": 60
                },
                {
                    "word": " 笑",
                    "start": 90.54,
                    "end": 90.87,
                    "note": 59
                },
                {
                    "word": " 悲",
                    "start": 91.28,
                    "end": 91.58,
                    "note": 62
                },
                {
                    "word": " 忧",
                    "start": 91.58,
                    "end": 91.76,
                    "note": 67
                }
            ]
        },
        {
            "start": 91.76,
            "end": 94.94,
            "text": "仍 愿 翻 百 千 浪",
            "words": [
                {
                    "word": "仍",
                    "start": 91.76,
                    "end": 92.95,
                    "note": 60
                },
                {
                    "word": " 愿",
                    "start": 93.41,
                    "end": 93.93,
                    "note": 59
                },
                {
                    "word": " 翻",
                    "start": 93.93,
                    "end": 94.1,
                    "note": 57
                },
                {
                    "word": " 百",
                    "start": 94.1,
                    "end": 94.16,
                    "note": 57
                },
                {
                    "word": " 千",
                    "start": 94.16,
                    "end": 94.29,
                    "note": 57
                },
                {
                    "word": " 浪",
                    "start": 94.29,
                    "end": 94.94,
                    "note": 65
                }
            ]
        },
        {
            "start": 94.94,
            "end": 103.88,
            "text": "在 我 心 中 起 伏 够",
            "words": [
                {
                    "word": "在",
                    "start": 94.94,
                    "end": 95.05,
                    "note": 59
                },
                {
                    "word": " 我",
                    "start": 95.83,
                    "end": 96.35,
                    "note": 62
                },
                {
                    "word": " 心",
                    "start": 96.38,
                    "end": 96.89,
                    "note": 55
                },
                {
                    "word": " 中",
                    "start": 96.89,
                    "end": 97.8,
                    "note": 49
                },
                {
                    "word": " 起",
                    "start": 98.77,
                    "end": 98.98,
                    "note": 51
                },
                {
                    "word": " 伏",
                    "start": 101.61,
                    "end": 102.22,
                    "note": 62
                },
                {
                    "word": " 够",
                    "start": 102.22,
                    "end": 103.88,
                    "note": 61
                }
            ]
        },
        {
            "start": 103.88,
            "end": 131.02,
            "text": "爱 你 恨 你 问 君 知 否",
            "words": [
                {
                    "word": "爱",
                    "start": 103.88,
                    "end": 103.95,
                    "note": 54
                },
                {
                    "word": " 你",
                    "start": 115.11,
                    "end": 115.17,
                    "note": 53
                },
                {
                    "word": " 恨",
                    "start": 117.5,
                    "end": 118.94,
                    "note": 55
                },
                {
                    "word": " 你",
                    "start": 120.96,
                    "end": 121.02,
                    "note": 53
                },
                {
                    "word": " 问",
                    "start": 125.16,
                    "end": 129.6,
                    "note": 73
                },
                {
                    "word": " 君",
                    "start": 129.6,
                    "end": 130.28,
                    "note": 60
                },
                {
                    "word": " 知",
                    "start": 130.74,
                    "end": 130.96,
                    "note": 82
                },
                {
                    "word": " 否",
                    "start": 130.96,
                    "end": 131.02,
                    "note": 63
                }
            ]
        },
        {
            "start": 132.56,
            "end": 135.26,
            "text": "似 大 江 一 发 不 收",
            "words": [
                {
                    "word": "似",
                    "start": 132.56,
                    "end": 132.73,
                    "note": 68
                },
                {
                    "word": " 大",
                    "start": 132.73,
                    "end": 132.9,
                    "note": 64
                },
                {
                    "word": " 江",
                    "start": 132.9,
                    "end": 133.26,
                    "note": 59
                },
                {
                    "word": " 一",
                    "start": 133.29,
                    "end": 133.32,
                    "note": 55
                },
                {
                    "word": " 发",
                    "start": 133.32,
                    "end": 134.1,
                    "note": 65
                },
                {
                    "word": " 不",
                    "start": 134.1,
                    "end": 134.22,
                    "note": 55
                },
                {
                    "word": " 收",
                    "start": 134.22,
                    "end": 135.26,
                    "note": 60
                }
            ]
        },
        {
            "start": 135.86,
            "end": 141.01,
            "text": "转 千 弯 转 千 滩",
            "words": [
                {
                    "word": "转",
                    "start": 135.86,
                    "end": 136.18,
                    "note": 61
                },
                {
                    "word": " 千",
                    "start": 136.18,
                    "end": 136.97,
                    "note": 57
                },
                {
                    "word": " 弯",
                    "start": 136.97,
                    "end": 137.97,
                    "note": 65
                },
                {
                    "word": " 转",
                    "start": 139.61,
                    "end": 140.76,
                    "note": 74
                },
                {
                    "word": " 千",
                    "start": 140.76,
                    "end": 140.85,
                    "note": 68
                },
                {
                    "word": " 滩",
                    "start": 140.85,
                    "end": 141.01,
                    "note": 62
                }
            ]
        },
        {
            "start": 141.35,
            "end": 146.6,
            "text": "亦 未 平 复 此 中 争 斗",
            "words": [
                {
                    "word": "亦",
                    "start": 141.35,
                    "end": 141.63,
                    "note": 59
                },
                {
                    "word": " 未",
                    "start": 141.63,
                    "end": 142.21,
                    "note": 64
                },
                {
                    "word": " 平",
                    "start": 142.21,
                    "end": 142.94,
                    "note": 58
                },
                {
                    "word": " 复",
                    "start": 143.21,
                    "end": 143.46,
                    "note": 65
                },
                {
                    "word": " 此",
                    "start": 143.49,
                    "end": 143.91,
                    "note": 65
                },
                {
                    "word": " 中",
                    "start": 143.91,
                    "end": 144.24,
                    "note": 73
                },
                {
                    "word": " 争",
                    "start": 144.24,
                    "end": 144.98,
                    "note": 66
                },
                {
                    "word": " 斗",
                    "start": 144.98,
                    "end": 146.6,
                    "note": 70
                }
            ]
        },
        {
            "start": 146.78,
            "end": 150.8,
            "text": "又 有 喜 又 有 愁",
            "words": [
                {
                    "word": "又",
                    "start": 146.78,
                    "end": 147.23,
                    "note": 67
                },
                {
                    "word": " 有",
                    "start": 147.23,
                    "end": 147.56,
                    "note": 66
                },
                {
                    "word": " 喜",
                    "start": 148.21,
                    "end": 148.98,
                    "note": 62
                },
                {
                    "word": " 又",
                    "start": 149.27,
                    "end": 149.88,
                    "note": 69
                },
                {
                    "word": " 有",
                    "start": 149.88,
                    "end": 150.14,
                    "note": 62
                },
                {
                    "word": " 愁",
                    "start": 150.14,
                    "end": 150.8,
                    "note": 57
                }
            ]
        },
        {
            "start": 152.16,
            "end": 156.62,
            "text": "就 算 分 不 清 欢 笑 悲 忧",
            "words": [
                {
                    "word": "就",
                    "start": 152.16,
                    "end": 152.54,
                    "note": 75
                },
                {
                    "word": " 算",
                    "start": 152.54,
                    "end": 152.87,
                    "note": 61
                },
                {
                    "word": " 分",
                    "start": 152.87,
                    "end": 153.33,
                    "note": 67
                },
                {
                    "word": " 不",
                    "start": 153.33,
                    "end": 153.85,
                    "note": 74
                },
                {
                    "word": " 清",
                    "start": 153.85,
                    "end": 154.31,
                    "note": 70
                },
                {
                    "word": " 欢",
                    "start": 154.31,
                    "end": 154.62,
                    "note": 60
                },
                {
                    "word": " 笑",
                    "start": 154.62,
                    "end": 154.95,
                    "note": 60
                },
                {
                    "word": " 悲",
                    "start": 155.3,
                    "end": 155.58,
                    "note": 65
                },
                {
                    "word": " 忧",
                    "start": 155.58,
                    "end": 156.62,
                    "note": 60
                }
            ]
        },
        {
            "start": 157.44,
            "end": 160.41,
            "text": "仍 愿 翻 百 千 浪",
            "words": [
                {
                    "word": "仍",
                    "start": 157.44,
                    "end": 157.91,
                    "note": 61
                },
                {
                    "word": " 愿",
                    "start": 157.91,
                    "end": 158.17,
                    "note": 56
                },
                {
                    "word": " 翻",
                    "start": 158.17,
                    "end": 158.91,
                    "note": 59
                },
                {
                    "word": " 百",
                    "start": 158.91,
                    "end": 159.02,
                    "note": 60
                },
                {
                    "word": " 千",
                    "start": 159.02,
                    "end": 159.28,
                    "note": 60
                },
                {
                    "word": " 浪",
                    "start": 159.89,
                    "end": 160.41,
                    "note": 68
                }
            ]
        },
        {
            "start": 162.79,
            "end": 167.22,
            "text": "在 我 心 中 起 伏 够",
            "words": [
                {
                    "word": "在",
                    "start": 162.79,
                    "end": 162.98,
                    "note": 61
                },
                {
                    "word": " 我",
                    "start": 162.98,
                    "end": 163.45,
                    "note": 62
                },
                {
                    "word": " 心",
                    "start": 163.45,
                    "end": 164.28,
                    "note": 55
                },
                {
                    "word": " 中",
                    "start": 164.5,
                    "end": 164.9,
                    "note": 58
                },
                {
                    "word": " 起",
                    "start": 164.9,
                    "end": 165.52,
                    "note": 60
                },
                {
                    "word": " 伏",
                    "start": 165.52,
                    "end": 166.2,
                    "note": 62
                },
                {
                    "word": " 够",
                    "start": 166.2,
                    "end": 167.22,
                    "note": 53
                }
            ]
        },
        {
            "start": 168.26,
            "end": 171.15,
            "text": "仍 愿 翻 百 千 浪",
            "words": [
                {
                    "word": "仍",
                    "start": 168.26,
                    "end": 168.72,
                    "note": 53
                },
                {
                    "word": " 愿",
                    "start": 168.72,
                    "end": 168.93,
                    "note": 56
                },
                {
                    "word": " 翻",
                    "start": 168.93,
                    "end": 169.83,
                    "note": 59
                },
                {
                    "word": " 百",
                    "start": 169.83,
                    "end": 169.89,
                    "note": 59
                },
                {
                    "word": " 千",
                    "start": 169.89,
                    "end": 169.99,
                    "note": 59
                },
                {
                    "word": " 浪",
                    "start": 170.59,
                    "end": 171.15,
                    "note": 62
                }
            ]
        },
        {
            "start": 173.55,
            "end": 181.79,
            "text": "在 我 心 中 起 伏 够",
            "words": [
                {
                    "word": "在",
                    "start": 173.55,
                    "end": 173.72,
                    "note": 69
                },
                {
                    "word": " 我",
                    "start": 173.72,
                    "end": 174.24,
                    "note": 50
                },
                {
                    "word": " 心",
                    "start": 174.24,
                    "end": 175.49,
                    "note": 54
                },
                {
                    "word": " 中",
                    "start": 175.73,
                    "end": 176.28,
                    "note": 57
                },
                {
                    "word": " 起",
                    "start": 176.28,
                    "end": 177.29,
                    "note": 54
                },
                {
                    "word": " 伏",
                    "start": 177.29,
                    "end": 178.85,
                    "note": 54
                },
                {
                    "word": " 够",
                    "start": 179.72,
                    "end": 181.79,
                    "note": 55
                }
            ]
        }
    ],
    "language": "vi"
}