{
    "text": "Ta về ta tắm ao ta Dù trong, dù đục, ao nhà vẫn hơn Tình quê son sắt keo sơn Hương đồng gió nội, cây rơm đợi chờ Mời bà con về Bắc Ninh em chơi nào Bắc Ninh vốn trọng chữ tình Nón quai thao em đợi ở sân đình Mấy anh hai quay đầu nhìn cũng đỉnh Mà các dân chơi gọi là Bắc Bling-ling Tấm lòng son sắt Ta ngân nga câu quan họ này Chào mừng về miền đất bến nước và con đò Tinh hoa không thể nào mất chất ở local Sửa soạn áo the, khăn xếp Anh em cùng lên đồ Let's go Lướt trên sông như là lướt trên mây Ngước bên Đông Xong rồi lại ngước bên Tây Miếng trầu này em đã ướp thêm say Mang lời hứa trao duyên như bao hẹn ước đêm nay Sáng như đêm trăng rằm hội Lim Biết em đâu mà tìm Trót thương em đâu thể ngồi im Cầm khăn í a làm tin Sáng như đêm trăng rằm hội Lim Biết em đâu mà tìm Trót thương em đâu thể ngồi im Cầm khăn í a, í a làm tin Ăn một miếng trầu Ăn một miếng trầu Ăn vào cho đỏ Môi mình, môi ta Ăn một miếng trầu Bắc một chiếc cầu Bao lời chưa ngỏ Duyên mình, duyên ta Mời anh về Bắc Ninh em chơi thăm Lễ hội nô nức đông vui quanh năm Qua đền Bà Chúa cầu lộc Cầu tài Sang rằm tháng Tám ung dung chơi trăng Đua thuyền rẽ sóng trên sông Như Nguyệt Bao sử sách địa linh nhân kiệt Tam Phủ chốn bồng lai linh thiêng Nương nhờ cửa thánh Con xin cúi đầu Người ơi-í ơi-ì a-í-a người ở đừng về Để em ngày đêm ngóng trông hình bóng anh khắp bốn bề Anh có thương thì qua Chứ anh đừng hứa, đừng thề Về đây Bắc Ninh cùng em thắm nồng tình quê Ăn một miếng trầu Ăn một miếng trầu Ăn vào cho đỏ Môi mình, môi ta Ăn một miếng trầu Bắc một chiếc cầu Bao lời chưa ngỏ Duyên mình, duyên ta Mời anh về Bắc Ninh em chơi thăm Lễ hội nô nức đông vui quanh năm Qua đền Bà Chúa cầu lộc Cầu tài Sang rằm tháng Tám ung dung chơi trăng Đua thuyền rẽ sóng trên sông Như Nguyệt Bao sử sách địa linh nhân kiệt Tam Phủ chốn bồng lai linh thiêng Nương nhờ cửa thánh Con xin cúi đầu Người ơi-í ơi-ì a-í-a người ở đừng về Để em ngày đêm ngóng trông hình bóng anh khắp bốn bề Anh có thương thì qua Chứ anh đừng hứa, đừng thề Về đây Bắc Ninh cùng em thắm nồng tình quê",
    "segments": [
        {
            "start": 11.12,
            "end": 13.29,
            "text": "Ta về ta tắm ao ta",
            "words": [
                {
                    "word": "Ta",
                    "start": 11.12,
                    "end": 11.44,
                    "note": 85
                },
                {
                    "word": " về",
                    "start": 11.48,
                    "end": 11.77,
                    "note": 82
                },
                {
                    "word": " ta",
                    "start": 11.82,
                    "end": 12.11,
                    "note": 86
                },
                {
                    "word": " tắm",
                    "start": 12.14,
                    "end": 12.44,
                    "note": 73
                },
                {
                    "word": " ao",
                    "start": 12.44,
                    "end": 12.8,
                    "note": 80
                },
                {
                    "word": " ta",
                    "start": 12.83,
                    "end": 13.29,
                    "note": 86
                }
            ]
        },
        {
            "start": 13.34,
            "end": 16.25,
            "text": "Dù trong, dù đục, ao nhà vẫn hơn",
            "words": [
                {
                    "word": "Dù",
                    "start": 13.34,
                    "end": 13.45,
                    "note": 69
                },
                {
                    "word": " trong,",
                    "start": 13.45,
                    "end": 13.8,
                    "note": 68
                },
                {
                    "word": " dù",
                    "start": 13.8,
                    "end": 14.13,
                    "note": 73
                },
                {
                    "word": " đục,",
                    "start": 14.19,
                    "end": 14.4,
                    "note": 72
                },
                {
                    "word": " ao",
                    "start": 14.47,
                    "end": 14.76,
                    "note": 84
                },
                {
                    "word": " nhà",
                    "start": 14.76,
                    "end": 15.11,
                    "note": 77
                },
                {
                    "word": " vẫn",
                    "start": 15.11,
                    "end": 15.46,
                    "note": 73
                },
                {
                    "word": " hơn",
                    "start": 15.64,
                    "end": 16.25,
                    "note": 73
                }
            ]
        },
        {
            "start": 16.51,
            "end": 18.58,
            "text": "Tình quê son sắt keo sơn",
            "words": [
                {
                    "word": "Tình",
                    "start": 16.51,
                    "end": 16.77,
                    "note": 69
                },
                {
                    "word": " quê",
                    "start": 16.81,
                    "end": 17.1,
                    "note": 80
                },
                {
                    "word": " son",
                    "start": 17.1,
                    "end": 17.4,
                    "note": 76
                },
                {
                    "word": " sắt",
                    "start": 17.4,
                    "end": 17.65,
                    "note": 83
                },
                {
                    "word": " keo",
                    "start": 17.83,
                    "end": 18.14,
                    "note": 82
                },
                {
                    "word": " sơn",
                    "start": 18.14,
                    "end": 18.58,
                    "note": 75
                }
            ]
        },
        {
            "start": 18.58,
            "end": 21.38,
            "text": "Hương đồng gió nội, cây rơm đợi chờ",
            "words": [
                {
                    "word": "Hương",
                    "start": 18.58,
                    "end": 18.81,
                    "note": 70
                },
                {
                    "word": " đồng",
                    "start": 18.81,
                    "end": 19.1,
                    "note": 75
                },
                {
                    "word": " gió",
                    "start": 19.1,
                    "end": 19.41,
                    "note": 80
                },
                {
                    "word": " nội,",
                    "start": 19.41,
                    "end": 19.75,
                    "note": 76
                },
                {
                    "word": " cây",
                    "start": 19.81,
                    "end": 20.08,
                    "note": 69
                },
                {
                    "word": " rơm",
                    "start": 20.08,
                    "end": 20.5,
                    "note": 74
                },
                {
                    "word": " đợi",
                    "start": 20.5,
                    "end": 21.19,
                    "note": 76
                },
                {
                    "word": " chờ",
                    "start": 21.31,
                    "end": 21.38,
                    "note": 70
                }
            ]
        },
        {
            "start": 21.38,
            "end": 29.25,
            "text": "Mời bà con về Bắc Ninh em chơi nào",
            "words": [
                {
                    "word": "Mời",
                    "start": 21.38,
                    "end": 21.45,
                    "note": 79
                },
                {
                    "word": " bà",
                    "start": 21.45,
                    "end": 23.42,
                    "note": 82
                },
                {
                    "word": " con",
                    "start": 24.45,
                    "end": 24.56,
                    "note": 86
                },
                {
                    "word": " về",
                    "start": 24.82,
                    "end": 25.06,
                    "note": 81
                },
                {
                    "word": " Bắc",
                    "start": 25.52,
                    "end": 26.78,
                    "note": 89
                },
                {
                    "word": " Ninh",
                    "start": 26.84,
                    "end": 27,
                    "note": 77
                },
                {
                    "word": " em",
                    "start": 27.07,
                    "end": 27.16,
                    "note": 80
                },
                {
                    "word": " chơi",
                    "start": 28.81,
                    "end": 28.9,
                    "note": 74
                },
                {
                    "word": " nào",
                    "start": 29.16,
                    "end": 29.25,
                    "note": 73
                }
            ]
        },
        {
            "start": 32.45,
            "end": 34.48,
            "text": "Bắc Ninh vốn trọng chữ tình",
            "words": [
                {
                    "word": "Bắc",
                    "start": 32.45,
                    "end": 32.75,
                    "note": 69
                },
                {
                    "word": " Ninh",
                    "start": 32.75,
                    "end": 33.41,
                    "note": 63
                },
                {
                    "word": " vốn",
                    "start": 33.46,
                    "end": 33.63,
                    "note": 68
                },
                {
                    "word": " trọng",
                    "start": 33.63,
                    "end": 33.8,
                    "note": 73
                },
                {
                    "word": " chữ",
                    "start": 33.84,
                    "end": 33.95,
                    "note": 71
                },
                {
                    "word": " tình",
                    "start": 34.15,
                    "end": 34.48,
                    "note": 65
                }
            ]
        },
        {
            "start": 34.79,
            "end": 37.28,
            "text": "Nón quai thao em đợi ở sân đình",
            "words": [
                {
                    "word": "Nón",
                    "start": 34.79,
                    "end": 35.11,
                    "note": 71
                },
                {
                    "word": " quai",
                    "start": 35.11,
                    "end": 35.45,
                    "note": 79
                },
                {
                    "word": " thao",
                    "start": 35.49,
                    "end": 35.83,
                    "note": 88
                },
                {
                    "word": " em",
                    "start": 35.83,
                    "end": 36.1,
                    "note": 79
                },
                {
                    "word": " đợi",
                    "start": 36.17,
                    "end": 36.43,
                    "note": 78
                },
                {
                    "word": " ở",
                    "start": 36.43,
                    "end": 36.49,
                    "note": 59
                },
                {
                    "word": " sân",
                    "start": 36.52,
                    "end": 36.83,
                    "note": 67
                },
                {
                    "word": " đình",
                    "start": 36.83,
                    "end": 37.28,
                    "note": 62
                }
            ]
        },
        {
            "start": 37.42,
            "end": 39.79,
            "text": "Mấy anh hai quay đầu nhìn cũng đỉnh",
            "words": [
                {
                    "word": "Mấy",
                    "start": 37.42,
                    "end": 37.76,
                    "note": 66
                },
                {
                    "word": " anh",
                    "start": 37.76,
                    "end": 38.17,
                    "note": 70
                },
                {
                    "word": " hai",
                    "start": 38.17,
                    "end": 38.44,
                    "note": 83
                },
                {
                    "word": " quay",
                    "start": 38.44,
                    "end": 38.8,
                    "note": 76
                },
                {
                    "word": " đầu",
                    "start": 38.8,
                    "end": 38.97,
                    "note": 79
                },
                {
                    "word": " nhìn",
                    "start": 38.97,
                    "end": 39.12,
                    "note": 67
                },
                {
                    "word": " cũng",
                    "start": 39.15,
                    "end": 39.46,
                    "note": 71
                },
                {
                    "word": " đỉnh",
                    "start": 39.49,
                    "end": 39.79,
                    "note": 66
                }
            ]
        },
        {
            "start": 39.94,
            "end": 42.83,
            "text": "Mà các dân chơi gọi là Bắc Bling-ling",
            "words": [
                {
                    "word": "Mà",
                    "start": 39.94,
                    "end": 40.07,
                    "note": 73
                },
                {
                    "word": " các",
                    "start": 40.16,
                    "end": 40.42,
                    "note": 80
                },
                {
                    "word": " dân",
                    "start": 40.42,
                    "end": 40.73,
                    "note": 68
                },
                {
                    "word": " chơi",
                    "start": 40.81,
                    "end": 41.11,
                    "note": 72
                },
                {
                    "word": " gọi",
                    "start": 41.11,
                    "end": 41.29,
                    "note": 73
                },
                {
                    "word": " là",
                    "start": 41.29,
                    "end": 41.39,
                    "note": 74
                },
                {
                    "word": " Bắc",
                    "start": 41.39,
                    "end": 41.54,
                    "note": 71
                },
                {
                    "word": " Bling-ling",
                    "start": 41.64,
                    "end": 42.83,
                    "note": 68
                }
            ]
        },
        {
            "start": 42.83,
            "end": 43.82,
            "text": "Tấm lòng son sắt",
            "words": [
                {
                    "word": "Tấm",
                    "start": 42.83,
                    "end": 42.96,
                    "note": 74
                },
                {
                    "word": " lòng",
                    "start": 42.96,
                    "end": 43.08,
                    "note": 71
                },
                {
                    "word": " son",
                    "start": 43.08,
                    "end": 43.38,
                    "note": 74
                },
                {
                    "word": " sắt",
                    "start": 43.38,
                    "end": 43.82,
                    "note": 75
                }
            ]
        },
        {
            "start": 43.82,
            "end": 45.28,
            "text": "Ta ngân nga câu quan họ này",
            "words": [
                {
                    "word": "Ta",
                    "start": 43.82,
                    "end": 43.89,
                    "note": 82
                },
                {
                    "word": " ngân",
                    "start": 43.89,
                    "end": 44.12,
                    "note": 63
                },
                {
                    "word": " nga",
                    "start": 44.12,
                    "end": 44.31,
                    "note": 72
                },
                {
                    "word": " câu",
                    "start": 44.31,
                    "end": 44.42,
                    "note": 77
                },
                {
                    "word": " quan",
                    "start": 44.42,
                    "end": 44.76,
                    "note": 77
                },
                {
                    "word": " họ",
                    "start": 44.82,
                    "end": 45.12,
                    "note": 82
                },
                {
                    "word": " này",
                    "start": 45.12,
                    "end": 45.28,
                    "note": 76
                }
            ]
        },
        {
            "start": 45.42,
            "end": 47.82,
            "text": "Chào mừng về miền đất bến nước và con đò",
            "words": [
                {
                    "word": "Chào",
                    "start": 45.42,
                    "end": 45.6,
                    "note": 75
                },
                {
                    "word": " mừng",
                    "start": 45.6,
                    "end": 45.79,
                    "note": 65
                },
                {
                    "word": " về",
                    "start": 45.79,
                    "end": 45.94,
                    "note": 70
                },
                {
                    "word": " miền",
                    "start": 45.94,
                    "end": 46.15,
                    "note": 64
                },
                {
                    "word": " đất",
                    "start": 46.15,
                    "end": 46.3,
                    "note": 75
                },
                {
                    "word": " bến",
                    "start": 46.44,
                    "end": 46.8,
                    "note": 65
                },
                {
                    "word": " nước",
                    "start": 46.8,
                    "end": 46.91,
                    "note": 70
                },
                {
                    "word": " và",
                    "start": 46.97,
                    "end": 47.05,
                    "note": 79
                },
                {
                    "word": " con",
                    "start": 47.05,
                    "end": 47.48,
                    "note": 73
                },
                {
                    "word": " đò",
                    "start": 47.48,
                    "end": 47.82,
                    "note": 78
                }
            ]
        },
        {
            "start": 47.97,
            "end": 50.57,
            "text": "Tinh hoa không thể nào mất chất ở local",
            "words": [
                {
                    "word": "Tinh",
                    "start": 47.97,
                    "end": 48.1,
                    "note": 67
                },
                {
                    "word": " hoa",
                    "start": 48.1,
                    "end": 48.27,
                    "note": 75
                },
                {
                    "word": " không",
                    "start": 48.27,
                    "end": 48.47,
                    "note": 75
                },
                {
                    "word": " thể",
                    "start": 48.47,
                    "end": 48.63,
                    "note": 81
                },
                {
                    "word": " nào",
                    "start": 48.63,
                    "end": 48.79,
                    "note": 76
                },
                {
                    "word": " mất",
                    "start": 48.79,
                    "end": 48.88,
                    "note": 74
                },
                {
                    "word": " chất",
                    "start": 49.41,
                    "end": 49.62,
                    "note": 77
                },
                {
                    "word": " ở",
                    "start": 49.66,
                    "end": 49.75,
                    "note": 77
                },
                {
                    "word": " local",
                    "start": 49.75,
                    "end": 50.57,
                    "note": 76
                }
            ]
        },
        {
            "start": 50.57,
            "end": 51.58,
            "text": "Sửa soạn áo the, khăn xếp",
            "words": [
                {
                    "word": "Sửa",
                    "start": 50.57,
                    "end": 50.73,
                    "note": 71
                },
                {
                    "word": " soạn",
                    "start": 50.73,
                    "end": 50.9,
                    "note": 71
                },
                {
                    "word": " áo",
                    "start": 50.9,
                    "end": 51.12,
                    "note": 79
                },
                {
                    "word": " the,",
                    "start": 51.15,
                    "end": 51.28,
                    "note": 74
                },
                {
                    "word": " khăn",
                    "start": 51.31,
                    "end": 51.44,
                    "note": 76
                },
                {
                    "word": " xếp",
                    "start": 51.44,
                    "end": 51.58,
                    "note": 76
                }
            ]
        },
        {
            "start": 51.79,
            "end": 53.11,
            "text": "Anh em cùng lên đồ",
            "words": [
                {
                    "word": "Anh",
                    "start": 51.79,
                    "end": 52.16,
                    "note": 76
                },
                {
                    "word": " em",
                    "start": 52.16,
                    "end": 52.3,
                    "note": 72
                },
                {
                    "word": " cùng",
                    "start": 52.3,
                    "end": 52.47,
                    "note": 64
                },
                {
                    "word": " lên",
                    "start": 52.47,
                    "end": 52.81,
                    "note": 73
                },
                {
                    "word": " đồ",
                    "start": 52.81,
                    "end": 53.11,
                    "note": 77
                }
            ]
        },
        {
            "start": 53.11,
            "end": 53.83,
            "text": "Let's go",
            "words": [
                {
                    "word": "Let's",
                    "start": 53.11,
                    "end": 53.31,
                    "note": 77
                },
                {
                    "word": " go",
                    "start": 53.31,
                    "end": 53.83,
                    "note": 76
                }
            ]
        },
        {
            "start": 54.16,
            "end": 56.74,
            "text": "Lướt trên sông như là lướt trên mây",
            "words": [
                {
                    "word": "Lướt",
                    "start": 54.16,
                    "end": 54.41,
                    "note": 72
                },
                {
                    "word": " trên",
                    "start": 54.44,
                    "end": 54.78,
                    "note": 68
                },
                {
                    "word": " sông",
                    "start": 54.78,
                    "end": 55.14,
                    "note": 69
                },
                {
                    "word": " như",
                    "start": 55.14,
                    "end": 55.26,
                    "note": 69
                },
                {
                    "word": " là",
                    "start": 55.26,
                    "end": 55.43,
                    "note": 72
                },
                {
                    "word": " lướt",
                    "start": 55.51,
                    "end": 55.66,
                    "note": 68
                },
                {
                    "word": " trên",
                    "start": 55.75,
                    "end": 56.14,
                    "note": 68
                },
                {
                    "word": " mây",
                    "start": 56.14,
                    "end": 56.74,
                    "note": 70
                }
            ]
        },
        {
            "start": 56.77,
            "end": 57.67,
            "text": "Ngước bên Đông",
            "words": [
                {
                    "word": "Ngước",
                    "start": 56.77,
                    "end": 57,
                    "note": 69
                },
                {
                    "word": " bên",
                    "start": 57.15,
                    "end": 57.47,
                    "note": 66
                },
                {
                    "word": " Đông",
                    "start": 57.47,
                    "end": 57.67,
                    "note": 76
                }
            ]
        },
        {
            "start": 57.67,
            "end": 59.34,
            "text": "Xong rồi lại ngước bên Tây",
            "words": [
                {
                    "word": "Xong",
                    "start": 57.67,
                    "end": 57.83,
                    "note": 66
                },
                {
                    "word": " rồi",
                    "start": 57.83,
                    "end": 57.98,
                    "note": 66
                },
                {
                    "word": " lại",
                    "start": 57.98,
                    "end": 58.17,
                    "note": 67
                },
                {
                    "word": " ngước",
                    "start": 58.2,
                    "end": 58.34,
                    "note": 72
                },
                {
                    "word": " bên",
                    "start": 58.51,
                    "end": 58.77,
                    "note": 69
                },
                {
                    "word": " Tây",
                    "start": 58.77,
                    "end": 59.34,
                    "note": 68
                }
            ]
        },
        {
            "start": 59.44,
            "end": 61.8,
            "text": "Miếng trầu này em đã ướp thêm say",
            "words": [
                {
                    "word": "Miếng",
                    "start": 59.44,
                    "end": 59.69,
                    "note": 68
                },
                {
                    "word": " trầu",
                    "start": 59.69,
                    "end": 60.13,
                    "note": 75
                },
                {
                    "word": " này",
                    "start": 60.13,
                    "end": 60.4,
                    "note": 79
                },
                {
                    "word": " em",
                    "start": 60.4,
                    "end": 60.65,
                    "note": 65
                },
                {
                    "word": " đã",
                    "start": 60.65,
                    "end": 60.8,
                    "note": 75
                },
                {
                    "word": " ướp",
                    "start": 60.86,
                    "end": 61.02,
                    "note": 72
                },
                {
                    "word": " thêm",
                    "start": 61.16,
                    "end": 61.45,
                    "note": 69
                },
                {
                    "word": " say",
                    "start": 61.51,
                    "end": 61.8,
                    "note": 79
                }
            ]
        },
        {
            "start": 61.8,
            "end": 64.34,
            "text": "Mang lời hứa trao duyên như bao hẹn ước đêm nay",
            "words": [
                {
                    "word": "Mang",
                    "start": 61.8,
                    "end": 62.01,
                    "note": 76
                },
                {
                    "word": " lời",
                    "start": 62.01,
                    "end": 62.15,
                    "note": 68
                },
                {
                    "word": " hứa",
                    "start": 62.18,
                    "end": 62.4,
                    "note": 72
                },
                {
                    "word": " trao",
                    "start": 62.49,
                    "end": 62.81,
                    "note": 79
                },
                {
                    "word": " duyên",
                    "start": 62.86,
                    "end": 63.02,
                    "note": 66
                },
                {
                    "word": " như",
                    "start": 63.02,
                    "end": 63.14,
                    "note": 69
                },
                {
                    "word": " bao",
                    "start": 63.14,
                    "end": 63.31,
                    "note": 76
                },
                {
                    "word": " hẹn",
                    "start": 63.31,
                    "end": 63.47,
                    "note": 71
                },
                {
                    "word": " ước",
                    "start": 63.47,
                    "end": 63.76,
                    "note": 83
                },
                {
                    "word": " đêm",
                    "start": 63.86,
                    "end": 64.23,
                    "note": 71
                },
                {
                    "word": " nay",
                    "start": 64.23,
                    "end": 64.34,
                    "note": 80
                }
            ]
        },
        {
            "start": 64.43,
            "end": 67.17,
            "text": "Sáng như đêm trăng rằm hội Lim",
            "words": [
                {
                    "word": "Sáng",
                    "start": 64.43,
                    "end": 64.81,
                    "note": 85
                },
                {
                    "word": " như",
                    "start": 64.81,
                    "end": 64.87,
                    "note": 83
                },
                {
                    "word": " đêm",
                    "start": 64.87,
                    "end": 65.75,
                    "note": 74
                },
                {
                    "word": " trăng",
                    "start": 65.75,
                    "end": 66.11,
                    "note": 67
                },
                {
                    "word": " rằm",
                    "start": 66.11,
                    "end": 66.39,
                    "note": 65
                },
                {
                    "word": " hội",
                    "start": 66.39,
                    "end": 66.78,
                    "note": 71
                },
                {
                    "word": " Lim",
                    "start": 66.78,
                    "end": 67.17,
                    "note": 63
                }
            ]
        },
        {
            "start": 67.44,
            "end": 69,
            "text": "Biết em đâu mà tìm",
            "words": [
                {
                    "word": "Biết",
                    "start": 67.44,
                    "end": 67.85,
                    "note": 67
                },
                {
                    "word": " em",
                    "start": 67.95,
                    "end": 68.15,
                    "note": 79
                },
                {
                    "word": " đâu",
                    "start": 68.15,
                    "end": 68.43,
                    "note": 72
                },
                {
                    "word": " mà",
                    "start": 68.43,
                    "end": 68.74,
                    "note": 64
                },
                {
                    "word": " tìm",
                    "start": 68.81,
                    "end": 69,
                    "note": 62
                }
            ]
        },
        {
            "start": 69,
            "end": 72.46,
            "text": "Trót thương em đâu thể ngồi im",
            "words": [
                {
                    "word": "Trót",
                    "start": 69,
                    "end": 70.57,
                    "note": 69
                },
                {
                    "word": " thương",
                    "start": 70.67,
                    "end": 70.81,
                    "note": 70
                },
                {
                    "word": " em",
                    "start": 70.81,
                    "end": 71.15,
                    "note": 72
                },
                {
                    "word": " đâu",
                    "start": 71.15,
                    "end": 71.43,
                    "note": 67
                },
                {
                    "word": " thể",
                    "start": 71.46,
                    "end": 71.75,
                    "note": 70
                },
                {
                    "word": " ngồi",
                    "start": 71.75,
                    "end": 72.16,
                    "note": 69
                },
                {
                    "word": " im",
                    "start": 72.19,
                    "end": 72.46,
                    "note": 61
                }
            ]
        },
        {
            "start": 72.65,
            "end": 75.47,
            "text": "Cầm khăn í a làm tin",
            "words": [
                {
                    "word": "Cầm",
                    "start": 72.65,
                    "end": 72.8,
                    "note": 69
                },
                {
                    "word": " khăn",
                    "start": 72.8,
                    "end": 72.97,
                    "note": 75
                },
                {
                    "word": " í",
                    "start": 72.97,
                    "end": 73.79,
                    "note": 77
                },
                {
                    "word": " a",
                    "start": 73.79,
                    "end": 73.82,
                    "note": 77
                },
                {
                    "word": " làm",
                    "start": 73.82,
                    "end": 74.2,
                    "note": 76
                },
                {
                    "word": " tin",
                    "start": 74.28,
                    "end": 75.47,
                    "note": 69
                }
            ]
        },
        {
            "start": 75.47,
            "end": 77.89,
            "text": "Sáng như đêm trăng rằm hội Lim",
            "words": [
                {
                    "word": "Sáng",
                    "start": 75.47,
                    "end": 75.96,
                    "note": 81
                },
                {
                    "word": " như",
                    "start": 76.02,
                    "end": 76.09,
                    "note": 71
                },
                {
                    "word": " đêm",
                    "start": 76.09,
                    "end": 76.44,
                    "note": 70
                },
                {
                    "word": " trăng",
                    "start": 76.44,
                    "end": 76.78,
                    "note": 72
                },
                {
                    "word": " rằm",
                    "start": 76.78,
                    "end": 77.14,
                    "note": 71
                },
                {
                    "word": " hội",
                    "start": 77.17,
                    "end": 77.46,
                    "note": 73
                },
                {
                    "word": " Lim",
                    "start": 77.49,
                    "end": 77.89,
                    "note": 64
                }
            ]
        },
        {
            "start": 78.07,
            "end": 80.14,
            "text": "Biết em đâu mà tìm",
            "words": [
                {
                    "word": "Biết",
                    "start": 78.07,
                    "end": 78.59,
                    "note": 71
                },
                {
                    "word": " em",
                    "start": 78.63,
                    "end": 78.82,
                    "note": 71
                },
                {
                    "word": " đâu",
                    "start": 78.82,
                    "end": 79.08,
                    "note": 74
                },
                {
                    "word": " mà",
                    "start": 79.08,
                    "end": 79.42,
                    "note": 84
                },
                {
                    "word": " tìm",
                    "start": 79.42,
                    "end": 80.14,
                    "note": 67
                }
            ]
        },
        {
            "start": 80.57,
            "end": 83.16,
            "text": "Trót thương em đâu thể ngồi im",
            "words": [
                {
                    "word": "Trót",
                    "start": 80.57,
                    "end": 81.14,
                    "note": 79
                },
                {
                    "word": " thương",
                    "start": 81.29,
                    "end": 81.48,
                    "note": 75
                },
                {
                    "word": " em",
                    "start": 81.48,
                    "end": 81.81,
                    "note": 74
                },
                {
                    "word": " đâu",
                    "start": 81.81,
                    "end": 82.1,
                    "note": 72
                },
                {
                    "word": " thể",
                    "start": 82.13,
                    "end": 82.43,
                    "note": 75
                },
                {
                    "word": " ngồi",
                    "start": 82.43,
                    "end": 82.75,
                    "note": 74
                },
                {
                    "word": " im",
                    "start": 82.75,
                    "end": 83.16,
                    "note": 66
                }
            ]
        },
        {
            "start": 83.32,
            "end": 88.25,
            "text": "Cầm khăn í a, í a làm tin",
            "words": [
                {
                    "word": "Cầm",
                    "start": 83.32,
                    "end": 83.48,
                    "note": 70
                },
                {
                    "word": " khăn",
                    "start": 83.48,
                    "end": 83.98,
                    "note": 75
                },
                {
                    "word": " í",
                    "start": 83.98,
                    "end": 86.58,
                    "note": 81
                },
                {
                    "word": " a,",
                    "start": 86.65,
                    "end": 87.64,
                    "note": 67
                },
                {
                    "word": " í",
                    "start": 87.69,
                    "end": 87.8,
                    "note": 70
                },
                {
                    "word": " a",
                    "start": 87.83,
                    "end": 87.92,
                    "note": 68
                },
                {
                    "word": " làm",
                    "start": 87.92,
                    "end": 88.07,
                    "note": 66
                },
                {
                    "word": " tin",
                    "start": 88.1,
                    "end": 88.25,
                    "note": 77
                }
            ]
        },
        {
            "start": 88.38,
            "end": 91.15,
            "text": "Ăn một miếng trầu",
            "words": [
                {
                    "word": "Ăn",
                    "start": 88.38,
                    "end": 88.78,
                    "note": 66
                },
                {
                    "word": " một",
                    "start": 88.91,
                    "end": 90.07,
                    "note": 64
                },
                {
                    "word": " miếng",
                    "start": 90.44,
                    "end": 90.79,
                    "note": 70
                },
                {
                    "word": " trầu",
                    "start": 90.79,
                    "end": 91.15,
                    "note": 70
                }
            ]
        },
        {
            "start": 91.15,
            "end": 93.75,
            "text": "Ăn một miếng trầu",
            "words": [
                {
                    "word": "Ăn",
                    "start": 91.15,
                    "end": 91.46,
                    "note": 68
                },
                {
                    "word": " một",
                    "start": 91.46,
                    "end": 92.83,
                    "note": 64
                },
                {
                    "word": " miếng",
                    "start": 93.14,
                    "end": 93.47,
                    "note": 71
                },
                {
                    "word": " trầu",
                    "start": 93.47,
                    "end": 93.75,
                    "note": 72
                }
            ]
        },
        {
            "start": 93.81,
            "end": 96.48,
            "text": "Ăn vào cho đỏ",
            "words": [
                {
                    "word": "Ăn",
                    "start": 93.81,
                    "end": 94.14,
                    "note": 68
                },
                {
                    "word": " vào",
                    "start": 94.14,
                    "end": 95.34,
                    "note": 70
                },
                {
                    "word": " cho",
                    "start": 95.77,
                    "end": 96.06,
                    "note": 68
                },
                {
                    "word": " đỏ",
                    "start": 96.11,
                    "end": 96.48,
                    "note": 57
                }
            ]
        },
        {
            "start": 96.51,
            "end": 99.09,
            "text": "Môi mình, môi ta",
            "words": [
                {
                    "word": "Môi",
                    "start": 96.51,
                    "end": 96.65,
                    "note": 70
                },
                {
                    "word": " mình,",
                    "start": 96.89,
                    "end": 98.1,
                    "note": 69
                },
                {
                    "word": " môi",
                    "start": 98.41,
                    "end": 98.76,
                    "note": 73
                },
                {
                    "word": " ta",
                    "start": 98.76,
                    "end": 99.09,
                    "note": 69
                }
            ]
        },
        {
            "start": 99.09,
            "end": 101.7,
            "text": "Ăn một miếng trầu",
            "words": [
                {
                    "word": "Ăn",
                    "start": 99.09,
                    "end": 99.37,
                    "note": 68
                },
                {
                    "word": " một",
                    "start": 99.43,
                    "end": 100.76,
                    "note": 64
                },
                {
                    "word": " miếng",
                    "start": 101.01,
                    "end": 101.29,
                    "note": 69
                },
                {
                    "word": " trầu",
                    "start": 101.29,
                    "end": 101.7,
                    "note": 69
                }
            ]
        },
        {
            "start": 101.75,
            "end": 104.45,
            "text": "Bắc một chiếc cầu",
            "words": [
                {
                    "word": "Bắc",
                    "start": 101.75,
                    "end": 102.01,
                    "note": 69
                },
                {
                    "word": " một",
                    "start": 102.16,
                    "end": 103.1,
                    "note": 66
                },
                {
                    "word": " chiếc",
                    "start": 103.75,
                    "end": 104.11,
                    "note": 74
                },
                {
                    "word": " cầu",
                    "start": 104.11,
                    "end": 104.45,
                    "note": 68
                }
            ]
        },
        {
            "start": 104.55,
            "end": 107.13,
            "text": "Bao lời chưa ngỏ",
            "words": [
                {
                    "word": "Bao",
                    "start": 104.55,
                    "end": 104.78,
                    "note": 66
                },
                {
                    "word": " lời",
                    "start": 104.87,
                    "end": 105.99,
                    "note": 73
                },
                {
                    "word": " chưa",
                    "start": 105.99,
                    "end": 106.09,
                    "note": 66
                },
                {
                    "word": " ngỏ",
                    "start": 106.55,
                    "end": 107.13,
                    "note": 60
                }
            ]
        },
        {
            "start": 107.13,
            "end": 109.76,
            "text": "Duyên mình, duyên ta",
            "words": [
                {
                    "word": "Duyên",
                    "start": 107.13,
                    "end": 107.52,
                    "note": 60
                },
                {
                    "word": " mình,",
                    "start": 107.58,
                    "end": 108.78,
                    "note": 78
                },
                {
                    "word": " duyên",
                    "start": 109.12,
                    "end": 109.42,
                    "note": 71
                },
                {
                    "word": " ta",
                    "start": 109.42,
                    "end": 109.76,
                    "note": 70
                }
            ]
        },
        {
            "start": 109.76,
            "end": 112.37,
            "text": "Mời anh về Bắc Ninh em chơi thăm",
            "words": [
                {
                    "word": "Mời",
                    "start": 109.76,
                    "end": 110.13,
                    "note": 71
                },
                {
                    "word": " anh",
                    "start": 110.13,
                    "end": 110.28,
                    "note": 76
                },
                {
                    "word": " về",
                    "start": 110.48,
                    "end": 110.78,
                    "note": 69
                },
                {
                    "word": " Bắc",
                    "start": 110.78,
                    "end": 111.05,
                    "note": 73
                },
                {
                    "word": " Ninh",
                    "start": 111.1,
                    "end": 111.42,
                    "note": 68
                },
                {
                    "word": " em",
                    "start": 111.47,
                    "end": 111.93,
                    "note": 77
                },
                {
                    "word": " chơi",
                    "start": 111.93,
                    "end": 112.14,
                    "note": 75
                },
                {
                    "word": " thăm",
                    "start": 112.14,
                    "end": 112.37,
                    "note": 70
                }
            ]
        },
        {
            "start": 112.37,
            "end": 115.14,
            "text": "Lễ hội nô nức đông vui quanh năm",
            "words": [
                {
                    "word": "Lễ",
                    "start": 112.37,
                    "end": 112.76,
                    "note": 74
                },
                {
                    "word": " hội",
                    "start": 112.79,
                    "end": 112.93,
                    "note": 70
                },
                {
                    "word": " nô",
                    "start": 113.15,
                    "end": 113.44,
                    "note": 72
                },
                {
                    "word": " nức",
                    "start": 113.44,
                    "end": 113.77,
                    "note": 72
                },
                {
                    "word": " đông",
                    "start": 113.81,
                    "end": 114.15,
                    "note": 73
                },
                {
                    "word": " vui",
                    "start": 114.15,
                    "end": 114.43,
                    "note": 76
                },
                {
                    "word": " quanh",
                    "start": 114.66,
                    "end": 114.79,
                    "note": 78
                },
                {
                    "word": " năm",
                    "start": 114.79,
                    "end": 115.14,
                    "note": 68
                }
            ]
        },
        {
            "start": 115.17,
            "end": 117.22,
            "text": "Qua đền Bà Chúa cầu lộc",
            "words": [
                {
                    "word": "Qua",
                    "start": 115.17,
                    "end": 115.39,
                    "note": 82
                },
                {
                    "word": " đền",
                    "start": 115.47,
                    "end": 115.73,
                    "note": 76
                },
                {
                    "word": " Bà",
                    "start": 115.82,
                    "end": 116.14,
                    "note": 74
                },
                {
                    "word": " Chúa",
                    "start": 116.14,
                    "end": 116.37,
                    "note": 71
                },
                {
                    "word": " cầu",
                    "start": 116.47,
                    "end": 116.76,
                    "note": 68
                },
                {
                    "word": " lộc",
                    "start": 116.82,
                    "end": 117.22,
                    "note": 74
                }
            ]
        },
        {
            "start": 117.26,
            "end": 117.79,
            "text": "Cầu tài",
            "words": [
                {
                    "word": "Cầu",
                    "start": 117.26,
                    "end": 117.47,
                    "note": 70
                },
                {
                    "word": " tài",
                    "start": 117.47,
                    "end": 117.79,
                    "note": 69
                }
            ]
        },
        {
            "start": 117.82,
            "end": 120.47,
            "text": "Sang rằm tháng Tám ung dung chơi trăng",
            "words": [
                {
                    "word": "Sang",
                    "start": 117.82,
                    "end": 118.07,
                    "note": 78
                },
                {
                    "word": " rằm",
                    "start": 118.07,
                    "end": 118.42,
                    "note": 77
                },
                {
                    "word": " tháng",
                    "start": 118.42,
                    "end": 118.73,
                    "note": 75
                },
                {
                    "word": " Tám",
                    "start": 118.73,
                    "end": 119.09,
                    "note": 70
                },
                {
                    "word": " ung",
                    "start": 119.09,
                    "end": 119.44,
                    "note": 72
                },
                {
                    "word": " dung",
                    "start": 119.48,
                    "end": 119.78,
                    "note": 76
                },
                {
                    "word": " chơi",
                    "start": 119.97,
                    "end": 120.12,
                    "note": 78
                },
                {
                    "word": " trăng",
                    "start": 120.12,
                    "end": 120.47,
                    "note": 66
                }
            ]
        },
        {
            "start": 120.47,
            "end": 123.41,
            "text": "Đua thuyền rẽ sóng trên sông Như Nguyệt",
            "words": [
                {
                    "word": "Đua",
                    "start": 120.47,
                    "end": 120.67,
                    "note": 73
                },
                {
                    "word": " thuyền",
                    "start": 120.79,
                    "end": 120.96,
                    "note": 76
                },
                {
                    "word": " rẽ",
                    "start": 121.17,
                    "end": 121.45,
                    "note": 73
                },
                {
                    "word": " sóng",
                    "start": 121.45,
                    "end": 121.82,
                    "note": 76
                },
                {
                    "word": " trên",
                    "start": 121.82,
                    "end": 121.98,
                    "note": 74
                },
                {
                    "word": " sông",
                    "start": 121.98,
                    "end": 122.74,
                    "note": 69
                },
                {
                    "word": " Như",
                    "start": 122.81,
                    "end": 123.04,
                    "note": 78
                },
                {
                    "word": " Nguyệt",
                    "start": 123.04,
                    "end": 123.41,
                    "note": 69
                }
            ]
        },
        {
            "start": 123.41,
            "end": 125.98,
            "text": "Bao sử sách địa linh nhân kiệt",
            "words": [
                {
                    "word": "Bao",
                    "start": 123.41,
                    "end": 123.62,
                    "note": 75
                },
                {
                    "word": " sử",
                    "start": 123.82,
                    "end": 124.13,
                    "note": 73
                },
                {
                    "word": " sách",
                    "start": 124.13,
                    "end": 124.47,
                    "note": 68
                },
                {
                    "word": " địa",
                    "start": 124.47,
                    "end": 124.77,
                    "note": 71
                },
                {
                    "word": " linh",
                    "start": 124.77,
                    "end": 125.17,
                    "note": 68
                },
                {
                    "word": " nhân",
                    "start": 125.17,
                    "end": 125.74,
                    "note": 76
                },
                {
                    "word": " kiệt",
                    "start": 125.82,
                    "end": 125.98,
                    "note": 68
                }
            ]
        },
        {
            "start": 126.07,
            "end": 128.47,
            "text": "Tam Phủ chốn bồng lai linh thiêng",
            "words": [
                {
                    "word": "Tam",
                    "start": 126.07,
                    "end": 126.33,
                    "note": 73
                },
                {
                    "word": " Phủ",
                    "start": 126.48,
                    "end": 126.75,
                    "note": 73
                },
                {
                    "word": " chốn",
                    "start": 126.75,
                    "end": 127.13,
                    "note": 78
                },
                {
                    "word": " bồng",
                    "start": 127.13,
                    "end": 127.48,
                    "note": 67
                },
                {
                    "word": " lai",
                    "start": 127.48,
                    "end": 127.71,
                    "note": 73
                },
                {
                    "word": " linh",
                    "start": 127.71,
                    "end": 128.1,
                    "note": 73
                },
                {
                    "word": " thiêng",
                    "start": 128.1,
                    "end": 128.47,
                    "note": 71
                }
            ]
        },
        {
            "start": 128.5,
            "end": 129.71,
            "text": "Nương nhờ cửa thánh",
            "words": [
                {
                    "word": "Nương",
                    "start": 128.5,
                    "end": 128.77,
                    "note": 77
                },
                {
                    "word": " nhờ",
                    "start": 128.77,
                    "end": 128.99,
                    "note": 71
                },
                {
                    "word": " cửa",
                    "start": 129.13,
                    "end": 129.36,
                    "note": 76
                },
                {
                    "word": " thánh",
                    "start": 129.48,
                    "end": 129.71,
                    "note": 71
                }
            ]
        },
        {
            "start": 129.82,
            "end": 131.16,
            "text": "Con xin cúi đầu",
            "words": [
                {
                    "word": "Con",
                    "start": 129.82,
                    "end": 130.02,
                    "note": 68
                },
                {
                    "word": " xin",
                    "start": 130.17,
                    "end": 130.81,
                    "note": 70
                },
                {
                    "word": " cúi",
                    "start": 130.85,
                    "end": 131.05,
                    "note": 67
                },
                {
                    "word": " đầu",
                    "start": 131.05,
                    "end": 131.16,
                    "note": 71
                }
            ]
        },
        {
            "start": 131.16,
            "end": 133.77,
            "text": "Người ơi-í ơi-ì a-í-a người ở đừng về",
            "words": [
                {
                    "word": "Người",
                    "start": 131.16,
                    "end": 131.97,
                    "note": 76
                },
                {
                    "word": " ơi-í",
                    "start": 131.97,
                    "end": 132.03,
                    "note": 72
                },
                {
                    "word": " ơi-ì",
                    "start": 132.03,
                    "end": 132.61,
                    "note": 78
                },
                {
                    "word": " a-í-a",
                    "start": 132.65,
                    "end": 133.13,
                    "note": 76
                },
                {
                    "word": " người",
                    "start": 133.27,
                    "end": 133.37,
                    "note": 72
                },
                {
                    "word": " ở",
                    "start": 133.37,
                    "end": 133.38,
                    "note": 71
                },
                {
                    "word": " đừng",
                    "start": 133.38,
                    "end": 133.47,
                    "note": 73
                },
                {
                    "word": " về",
                    "start": 133.47,
                    "end": 133.77,
                    "note": 74
                }
            ]
        },
        {
            "start": 133.83,
            "end": 139.44,
            "text": "Để em ngày đêm ngóng trông hình bóng anh khắp bốn bề",
            "words": [
                {
                    "word": "Để",
                    "start": 133.83,
                    "end": 134.08,
                    "note": 72
                },
                {
                    "word": " em",
                    "start": 134.08,
                    "end": 134.27,
                    "note": 75
                },
                {
                    "word": " ngày",
                    "start": 134.33,
                    "end": 134.45,
                    "note": 78
                },
                {
                    "word": " đêm",
                    "start": 134.45,
                    "end": 134.61,
                    "note": 73
                },
                {
                    "word": " ngóng",
                    "start": 134.61,
                    "end": 134.75,
                    "note": 82
                },
                {
                    "word": " trông",
                    "start": 134.79,
                    "end": 134.94,
                    "note": 78
                },
                {
                    "word": " hình",
                    "start": 134.94,
                    "end": 135.13,
                    "note": 75
                },
                {
                    "word": " bóng",
                    "start": 135.16,
                    "end": 135.26,
                    "note": 82
                },
                {
                    "word": " anh",
                    "start": 135.26,
                    "end": 135.42,
                    "note": 77
                },
                {
                    "word": " khắp",
                    "start": 136.61,
                    "end": 136.79,
                    "note": 88
                },
                {
                    "word": " bốn",
                    "start": 136.82,
                    "end": 136.92,
                    "note": 77
                },
                {
                    "word": " bề",
                    "start": 136.92,
                    "end": 139.44,
                    "note": 76
                }
            ]
        },
        {
            "start": 139.49,
            "end": 141.57,
            "text": "Anh có thương thì qua",
            "words": [
                {
                    "word": "Anh",
                    "start": 139.49,
                    "end": 139.62,
                    "note": 73
                },
                {
                    "word": " có",
                    "start": 139.65,
                    "end": 139.75,
                    "note": 76
                },
                {
                    "word": " thương",
                    "start": 140.84,
                    "end": 141,
                    "note": 78
                },
                {
                    "word": " thì",
                    "start": 141.15,
                    "end": 141.27,
                    "note": 73
                },
                {
                    "word": " qua",
                    "start": 141.47,
                    "end": 141.57,
                    "note": 81
                }
            ]
        },
        {
            "start": 143.68,
            "end": 155.87,
            "text": "Chứ anh đừng hứa, đừng thề",
            "words": [
                {
                    "word": "Chứ",
                    "start": 143.68,
                    "end": 145.8,
                    "note": 72
                },
                {
                    "word": " anh",
                    "start": 145.8,
                    "end": 145.92,
                    "note": 76
                },
                {
                    "word": " đừng",
                    "start": 150.15,
                    "end": 150.47,
                    "note": 71
                },
                {
                    "word": " hứa,",
                    "start": 154.16,
                    "end": 155.46,
                    "note": 72
                },
                {
                    "word": " đừng",
                    "start": 155.5,
                    "end": 155.81,
                    "note": 71
                },
                {
                    "word": " thề",
                    "start": 155.81,
                    "end": 155.87,
                    "note": 75
                }
            ]
        },
        {
            "start": 158.85,
            "end": 161.79,
            "text": "Về đây Bắc Ninh cùng em thắm nồng tình quê",
            "words": [
                {
                    "word": "Về",
                    "start": 158.85,
                    "end": 159.21,
                    "note": 76
                },
                {
                    "word": " đây",
                    "start": 159.48,
                    "end": 160.13,
                    "note": 74
                },
                {
                    "word": " Bắc",
                    "start": 160.13,
                    "end": 160.17,
                    "note": 73
                },
                {
                    "word": " Ninh",
                    "start": 160.21,
                    "end": 160.3,
                    "note": 70
                },
                {
                    "word": " cùng",
                    "start": 160.3,
                    "end": 160.37,
                    "note": 68
                },
                {
                    "word": " em",
                    "start": 160.37,
                    "end": 160.41,
                    "note": 68
                },
                {
                    "word": " thắm",
                    "start": 160.41,
                    "end": 160.5,
                    "note": 70
                },
                {
                    "word": " nồng",
                    "start": 160.63,
                    "end": 160.73,
                    "note": 70
                },
                {
                    "word": " tình",
                    "start": 160.82,
                    "end": 161.15,
                    "note": 71
                },
                {
                    "word": " quê",
                    "start": 161.15,
                    "end": 161.79,
                    "note": 73
                }
            ]
        },
        {
            "start": 162.45,
            "end": 164.75,
            "text": "Ăn một miếng trầu",
            "words": [
                {
                    "word": "Ăn",
                    "start": 162.45,
                    "end": 162.8,
                    "note": 74
                },
                {
                    "word": " một",
                    "start": 162.8,
                    "end": 163.09,
                    "note": 69
                },
                {
                    "word": " miếng",
                    "start": 163.09,
                    "end": 163.37,
                    "note": 68
                },
                {
                    "word": " trầu",
                    "start": 163.37,
                    "end": 164.75,
                    "note": 65
                }
            ]
        },
        {
            "start": 165.11,
            "end": 167.61,
            "text": "Ăn một miếng trầu",
            "words": [
                {
                    "word": "Ăn",
                    "start": 165.11,
                    "end": 165.52,
                    "note": 70
                },
                {
                    "word": " một",
                    "start": 165.52,
                    "end": 165.71,
                    "note": 72
                },
                {
                    "word": " miếng",
                    "start": 165.71,
                    "end": 166.4,
                    "note": 68
                },
                {
                    "word": " trầu",
                    "start": 166.45,
                    "end": 167.61,
                    "note": 65
                }
            ]
        },
        {
            "start": 167.81,
            "end": 169.98,
            "text": "Ăn vào cho đỏ",
            "words": [
                {
                    "word": "Ăn",
                    "start": 167.81,
                    "end": 168.14,
                    "note": 70
                },
                {
                    "word": " vào",
                    "start": 168.14,
                    "end": 168.4,
                    "note": 70
                },
                {
                    "word": " cho",
                    "start": 168.44,
                    "end": 168.78,
                    "note": 66
                },
                {
                    "word": " đỏ",
                    "start": 168.78,
                    "end": 169.98,
                    "note": 71
                }
            ]
        },
        {
            "start": 170.46,
            "end": 172.75,
            "text": "Môi mình, môi ta",
            "words": [
                {
                    "word": "Môi",
                    "start": 170.46,
                    "end": 170.7,
                    "note": 69
                },
                {
                    "word": " mình,",
                    "start": 170.7,
                    "end": 171.19,
                    "note": 62
                },
                {
                    "word": " môi",
                    "start": 171.19,
                    "end": 171.32,
                    "note": 67
                },
                {
                    "word": " ta",
                    "start": 171.57,
                    "end": 172.75,
                    "note": 72
                }
            ]
        },
        {
            "start": 173.12,
            "end": 175.44,
            "text": "Ăn một miếng trầu",
            "words": [
                {
                    "word": "Ăn",
                    "start": 173.12,
                    "end": 173.45,
                    "note": 72
                },
                {
                    "word": " một",
                    "start": 173.45,
                    "end": 173.67,
                    "note": 69
                },
                {
                    "word": " miếng",
                    "start": 173.67,
                    "end": 174.09,
                    "note": 67
                },
                {
                    "word": " trầu",
                    "start": 174.09,
                    "end": 175.44,
                    "note": 64
                }
            ]
        },
        {
            "start": 175.77,
            "end": 177.92,
            "text": "Bắc một chiếc cầu",
            "words": [
                {
                    "word": "Bắc",
                    "start": 175.77,
                    "end": 175.97,
                    "note": 73
                },
                {
                    "word": " một",
                    "start": 175.97,
                    "end": 176.36,
                    "note": 70
                },
                {
                    "word": " chiếc",
                    "start": 176.42,
                    "end": 176.71,
                    "note": 69
                },
                {
                    "word": " cầu",
                    "start": 176.9,
                    "end": 177.92,
                    "note": 65
                }
            ]
        },
        {
            "start": 178.44,
            "end": 180.66,
            "text": "Bao lời chưa ngỏ",
            "words": [
                {
                    "word": "Bao",
                    "start": 178.44,
                    "end": 178.78,
                    "note": 75
                },
                {
                    "word": " lời",
                    "start": 178.78,
                    "end": 179.11,
                    "note": 68
                },
                {
                    "word": " chưa",
                    "start": 179.14,
                    "end": 179.43,
                    "note": 66
                },
                {
                    "word": " ngỏ",
                    "start": 179.43,
                    "end": 180.66,
                    "note": 71
                }
            ]
        },
        {
            "start": 180.66,
            "end": 183.38,
            "text": "Duyên mình, duyên ta",
            "words": [
                {
                    "word": "Duyên",
                    "start": 180.66,
                    "end": 180.92,
                    "note": 67
                },
                {
                    "word": " mình,",
                    "start": 181.2,
                    "end": 181.8,
                    "note": 59
                },
                {
                    "word": " duyên",
                    "start": 181.8,
                    "end": 182.19,
                    "note": 60
                },
                {
                    "word": " ta",
                    "start": 182.23,
                    "end": 183.38,
                    "note": 78
                }
            ]
        },
        {
            "start": 183.71,
            "end": 186.61,
            "text": "Mời anh về Bắc Ninh em chơi thăm",
            "words": [
                {
                    "word": "Mời",
                    "start": 183.71,
                    "end": 184.07,
                    "note": 70
                },
                {
                    "word": " anh",
                    "start": 184.07,
                    "end": 184.43,
                    "note": 70
                },
                {
                    "word": " về",
                    "start": 184.46,
                    "end": 184.8,
                    "note": 72
                },
                {
                    "word": " Bắc",
                    "start": 184.83,
                    "end": 184.95,
                    "note": 82
                },
                {
                    "word": " Ninh",
                    "start": 185.34,
                    "end": 185.43,
                    "note": 67
                },
                {
                    "word": " em",
                    "start": 185.43,
                    "end": 185.7,
                    "note": 71
                },
                {
                    "word": " chơi",
                    "start": 185.74,
                    "end": 186.1,
                    "note": 71
                },
                {
                    "word": " thăm",
                    "start": 186.14,
                    "end": 186.61,
                    "note": 74
                }
            ]
        },
        {
            "start": 186.65,
            "end": 189.09,
            "text": "Lễ hội nô nức đông vui quanh năm",
            "words": [
                {
                    "word": "Lễ",
                    "start": 186.65,
                    "end": 186.78,
                    "note": 75
                },
                {
                    "word": " hội",
                    "start": 186.78,
                    "end": 187.13,
                    "note": 71
                },
                {
                    "word": " nô",
                    "start": 187.16,
                    "end": 187.4,
                    "note": 75
                },
                {
                    "word": " nức",
                    "start": 187.4,
                    "end": 187.77,
                    "note": 66
                },
                {
                    "word": " đông",
                    "start": 187.77,
                    "end": 188.1,
                    "note": 70
                },
                {
                    "word": " vui",
                    "start": 188.13,
                    "end": 188.42,
                    "note": 70
                },
                {
                    "word": " quanh",
                    "start": 188.46,
                    "end": 188.81,
                    "note": 70
                },
                {
                    "word": " năm",
                    "start": 188.81,
                    "end": 189.09,
                    "note": 77
                }
            ]
        },
        {
            "start": 189.29,
            "end": 191.07,
            "text": "Qua đền Bà Chúa cầu lộc",
            "words": [
                {
                    "word": "Qua",
                    "start": 189.29,
                    "end": 189.45,
                    "note": 79
                },
                {
                    "word": " đền",
                    "start": 189.45,
                    "end": 189.8,
                    "note": 69
                },
                {
                    "word": " Bà",
                    "start": 189.8,
                    "end": 190.06,
                    "note": 81
                },
                {
                    "word": " Chúa",
                    "start": 190.06,
                    "end": 190.4,
                    "note": 73
                },
                {
                    "word": " cầu",
                    "start": 190.49,
                    "end": 190.8,
                    "note": 72
                },
                {
                    "word": " lộc",
                    "start": 190.8,
                    "end": 191.07,
                    "note": 72
                }
            ]
        },
        {
            "start": 191.13,
            "end": 191.77,
            "text": "Cầu tài",
            "words": [
                {
                    "word": "Cầu",
                    "start": 191.13,
                    "end": 191.43,
                    "note": 73
                },
                {
                    "word": " tài",
                    "start": 191.47,
                    "end": 191.77,
                    "note": 77
                }
            ]
        },
        {
            "start": 191.92,
            "end": 194.45,
            "text": "Sang rằm tháng Tám ung dung chơi trăng",
            "words": [
                {
                    "word": "Sang",
                    "start": 191.92,
                    "end": 192.14,
                    "note": 72
                },
                {
                    "word": " rằm",
                    "start": 192.14,
                    "end": 192.46,
                    "note": 68
                },
                {
                    "word": " tháng",
                    "start": 192.46,
                    "end": 192.76,
                    "note": 74
                },
                {
                    "word": " Tám",
                    "start": 192.8,
                    "end": 193.08,
                    "note": 75
                },
                {
                    "word": " ung",
                    "start": 193.08,
                    "end": 193.42,
                    "note": 72
                },
                {
                    "word": " dung",
                    "start": 193.42,
                    "end": 193.75,
                    "note": 68
                },
                {
                    "word": " chơi",
                    "start": 193.75,
                    "end": 194.09,
                    "note": 70
                },
                {
                    "word": " trăng",
                    "start": 194.12,
                    "end": 194.45,
                    "note": 74
                }
            ]
        },
        {
            "start": 194.63,
            "end": 197.15,
            "text": "Đua thuyền rẽ sóng trên sông Như Nguyệt",
            "words": [
                {
                    "word": "Đua",
                    "start": 194.63,
                    "end": 194.78,
                    "note": 67
                },
                {
                    "word": " thuyền",
                    "start": 194.78,
                    "end": 195.13,
                    "note": 67
                },
                {
                    "word": " rẽ",
                    "start": 195.13,
                    "end": 195.39,
                    "note": 74
                },
                {
                    "word": " sóng",
                    "start": 195.39,
                    "end": 195.62,
                    "note": 73
                },
                {
                    "word": " trên",
                    "start": 195.83,
                    "end": 196.05,
                    "note": 71
                },
                {
                    "word": " sông",
                    "start": 196.1,
                    "end": 196.37,
                    "note": 74
                },
                {
                    "word": " Như",
                    "start": 196.37,
                    "end": 196.43,
                    "note": 68
                },
                {
                    "word": " Nguyệt",
                    "start": 196.43,
                    "end": 197.15,
                    "note": 70
                }
            ]
        },
        {
            "start": 197.46,
            "end": 200.41,
            "text": "Bao sử sách địa linh nhân kiệt",
            "words": [
                {
                    "word": "Bao",
                    "start": 197.46,
                    "end": 197.71,
                    "note": 74
                },
                {
                    "word": " sử",
                    "start": 197.71,
                    "end": 197.96,
                    "note": 72
                },
                {
                    "word": " sách",
                    "start": 198.16,
                    "end": 198.3,
                    "note": 74
                },
                {
                    "word": " địa",
                    "start": 198.5,
                    "end": 198.71,
                    "note": 73
                },
                {
                    "word": " linh",
                    "start": 198.82,
                    "end": 199.12,
                    "note": 69
                },
                {
                    "word": " nhân",
                    "start": 199.12,
                    "end": 199.45,
                    "note": 69
                },
                {
                    "word": " kiệt",
                    "start": 199.48,
                    "end": 200.41,
                    "note": 75
                }
            ]
        },
        {
            "start": 200.41,
            "end": 202.29,
            "text": "Tam Phủ chốn bồng lai linh thiêng",
            "words": [
                {
                    "word": "Tam",
                    "start": 200.41,
                    "end": 200.5,
                    "note": 76
                },
                {
                    "word": " Phủ",
                    "start": 200.5,
                    "end": 200.67,
                    "note": 69
                },
                {
                    "word": " chốn",
                    "start": 200.8,
                    "end": 201.02,
                    "note": 74
                },
                {
                    "word": " bồng",
                    "start": 201.12,
                    "end": 201.45,
                    "note": 70
                },
                {
                    "word": " lai",
                    "start": 201.48,
                    "end": 201.77,
                    "note": 75
                },
                {
                    "word": " linh",
                    "start": 201.77,
                    "end": 202.13,
                    "note": 68
                },
                {
                    "word": " thiêng",
                    "start": 202.13,
                    "end": 202.29,
                    "note": 71
                }
            ]
        },
        {
            "start": 202.29,
            "end": 203.74,
            "text": "Nương nhờ cửa thánh",
            "words": [
                {
                    "word": "Nương",
                    "start": 202.29,
                    "end": 202.82,
                    "note": 77
                },
                {
                    "word": " nhờ",
                    "start": 202.82,
                    "end": 203.05,
                    "note": 73
                },
                {
                    "word": " cửa",
                    "start": 203.15,
                    "end": 203.46,
                    "note": 80
                },
                {
                    "word": " thánh",
                    "start": 203.5,
                    "end": 203.74,
                    "note": 70
                }
            ]
        },
        {
            "start": 203.8,
            "end": 205.5,
            "text": "Con xin cúi đầu",
            "words": [
                {
                    "word": "Con",
                    "start": 203.8,
                    "end": 204.03,
                    "note": 78
                },
                {
                    "word": " xin",
                    "start": 204.14,
                    "end": 204.31,
                    "note": 76
                },
                {
                    "word": " cúi",
                    "start": 204.57,
                    "end": 204.67,
                    "note": 68
                },
                {
                    "word": " đầu",
                    "start": 204.81,
                    "end": 205.5,
                    "note": 71
                }
            ]
        },
        {
            "start": 205.53,
            "end": 207.79,
            "text": "Người ơi-í ơi-ì a-í-a người ở đừng về",
            "words": [
                {
                    "word": "Người",
                    "start": 205.53,
                    "end": 205.72,
                    "note": 71
                },
                {
                    "word": " ơi-í",
                    "start": 205.72,
                    "end": 205.98,
                    "note": 71
                },
                {
                    "word": " ơi-ì",
                    "start": 205.98,
                    "end": 206.97,
                    "note": 77
                },
                {
                    "word": " a-í-a",
                    "start": 206.97,
                    "end": 207.13,
                    "note": 76
                },
                {
                    "word": " người",
                    "start": 207.13,
                    "end": 207.28,
                    "note": 79
                },
                {
                    "word": " ở",
                    "start": 207.32,
                    "end": 207.48,
                    "note": 71
                },
                {
                    "word": " đừng",
                    "start": 207.64,
                    "end": 207.73,
                    "note": 77
                },
                {
                    "word": " về",
                    "start": 207.73,
                    "end": 207.79,
                    "note": 73
                }
            ]
        },
        {
            "start": 207.79,
            "end": 210.14,
            "text": "Để em ngày đêm ngóng trông hình bóng anh khắp bốn bề",
            "words": [
                {
                    "word": "Để",
                    "start": 207.79,
                    "end": 207.88,
                    "note": 71
                },
                {
                    "word": " em",
                    "start": 208.15,
                    "end": 208.44,
                    "note": 74
                },
                {
                    "word": " ngày",
                    "start": 208.44,
                    "end": 208.75,
                    "note": 71
                },
                {
                    "word": " đêm",
                    "start": 208.75,
                    "end": 208.94,
                    "note": 76
                },
                {
                    "word": " ngóng",
                    "start": 208.99,
                    "end": 209.12,
                    "note": 77
                },
                {
                    "word": " trông",
                    "start": 209.12,
                    "end": 209.28,
                    "note": 73
                },
                {
                    "word": " hình",
                    "start": 209.28,
                    "end": 209.41,
                    "note": 82
                },
                {
                    "word": " bóng",
                    "start": 209.49,
                    "end": 209.61,
                    "note": 76
                },
                {
                    "word": " anh",
                    "start": 209.61,
                    "end": 209.79,
                    "note": 76
                },
                {
                    "word": " khắp",
                    "start": 209.82,
                    "end": 209.93,
                    "note": 79
                },
                {
                    "word": " bốn",
                    "start": 209.93,
                    "end": 210.08,
                    "note": 77
                },
                {
                    "word": " bề",
                    "start": 210.08,
                    "end": 210.14,
                    "note": 70
                }
            ]
        },
        {
            "start": 210.17,
            "end": 211.96,
            "text": "Anh có thương thì qua",
            "words": [
                {
                    "word": "Anh",
                    "start": 210.17,
                    "end": 210.32,
                    "note": 78
                },
                {
                    "word": " có",
                    "start": 210.48,
                    "end": 211.22,
                    "note": 74
                },
                {
                    "word": " thương",
                    "start": 211.37,
                    "end": 211.46,
                    "note": 80
                },
                {
                    "word": " thì",
                    "start": 211.66,
                    "end": 211.76,
                    "note": 79
                },
                {
                    "word": " qua",
                    "start": 211.81,
                    "end": 211.96,
                    "note": 72
                }
            ]
        },
        {
            "start": 211.99,
            "end": 213,
            "text": "Chứ anh đừng hứa, đừng thề",
            "words": [
                {
                    "word": "Chứ",
                    "start": 211.99,
                    "end": 212.1,
                    "note": 71
                },
                {
                    "word": " anh",
                    "start": 212.1,
                    "end": 212.26,
                    "note": 79
                },
                {
                    "word": " đừng",
                    "start": 212.33,
                    "end": 212.39,
                    "note": 74
                },
                {
                    "word": " hứa,",
                    "start": 212.43,
                    "end": 212.65,
                    "note": 77
                },
                {
                    "word": " đừng",
                    "start": 212.65,
                    "end": 212.82,
                    "note": 70
                },
                {
                    "word": " thề",
                    "start": 212.82,
                    "end": 213,
                    "note": 74
                }
            ]
        },
        {
            "start": 213.16,
            "end": 215.24,
            "text": "Về đây Bắc Ninh cùng em thắm nồng tình quê",
            "words": [
                {
                    "word": "Về",
                    "start": 213.16,
                    "end": 213.25,
                    "note": 73
                },
                {
                    "word": " đây",
                    "start": 213.48,
                    "end": 213.78,
                    "note": 77
                },
                {
                    "word": " Bắc",
                    "start": 213.82,
                    "end": 214.13,
                    "note": 72
                },
                {
                    "word": " Ninh",
                    "start": 214.16,
                    "end": 214.28,
                    "note": 72
                },
                {
                    "word": " cùng",
                    "start": 214.28,
                    "end": 214.46,
                    "note": 75
                },
                {
                    "word": " em",
                    "start": 214.46,
                    "end": 214.61,
                    "note": 72
                },
                {
                    "word": " thắm",
                    "start": 214.64,
                    "end": 214.81,
                    "note": 71
                },
                {
                    "word": " nồng",
                    "start": 214.81,
                    "end": 214.95,
                    "note": 81
                },
                {
                    "word": " tình",
                    "start": 215.01,
                    "end": 215.1,
                    "note": 73
                },
                {
                    "word": " quê",
                    "start": 215.15,
                    "end": 215.24,
                    "note": 77
                }
            ]
        }
    ],
    "language": "vi"
}