{
    "text": "Ta về ta tắm ao ta Dù trong, dù đục, ao nhà vẫn hơn Tình quê son sắt keo sơn Hương đồng gió nội, cây rơm",
    "segments": [
        {
            "start": 3.48,
            "end": 13.25,
            "text": "Ta về ta tắm ao ta",
            "words": [
                {
                    "word": "Ta",
                    "start": 3.48,
                    "end": 3.54,
                    "note": 76
                },
                {
                    "word": " về",
                    "start": 7.97,
                    "end": 8.03,
                    "note": 92
                },
                {
                    "word": " ta",
                    "start": 10.83,
                    "end": 10.89,
                    "note": 63
                },
                {
                    "word": " tắm",
                    "start": 11.15,
                    "end": 11.45,
                    "note": 85
                },
                {
                    "word": " ao",
                    "start": 11.45,
                    "end": 12.8,
                    "note": 81
                },
                {
                    "word": " ta",
                    "start": 12.83,
                    "end": 13.25,
                    "note": 87
                }
            ]
        },
        {
            "start": 13.25,
            "end": 15.39,
            "text": "Dù trong, dù đục, ao nhà vẫn hơn",
            "words": [
                {
                    "word": "Dù",
                    "start": 13.25,
                    "end": 13.31,
                    "note": 73
                },
                {
                    "word": " trong,",
                    "start": 13.5,
                    "end": 13.66,
                    "note": 74
                },
                {
                    "word": " dù",
                    "start": 13.8,
                    "end": 13.86,
                    "note": 67
                },
                {
                    "word": " đục,",
                    "start": 13.86,
                    "end": 13.95,
                    "note": 80
                },
                {
                    "word": " ao",
                    "start": 13.95,
                    "end": 14.78,
                    "note": 77
                },
                {
                    "word": " nhà",
                    "start": 14.78,
                    "end": 15.12,
                    "note": 78
                },
                {
                    "word": " vẫn",
                    "start": 15.15,
                    "end": 15.29,
                    "note": 81
                },
                {
                    "word": " hơn",
                    "start": 15.29,
                    "end": 15.39,
                    "note": 63
                }
            ]
        },
        {
            "start": 15.49,
            "end": 18.74,
            "text": "Tình quê son sắt keo sơn",
            "words": [
                {
                    "word": "Tình",
                    "start": 15.49,
                    "end": 15.58,
                    "note": 82
                },
                {
                    "word": " quê",
                    "start": 15.58,
                    "end": 17.1,
                    "note": 76
                },
                {
                    "word": " son",
                    "start": 17.1,
                    "end": 17.32,
                    "note": 79
                },
                {
                    "word": " sắt",
                    "start": 17.32,
                    "end": 18.58,
                    "note": 80
                },
                {
                    "word": " keo",
                    "start": 18.58,
                    "end": 18.65,
                    "note": 61
                },
                {
                    "word": " sơn",
                    "start": 18.65,
                    "end": 18.74,
                    "note": 79
                }
            ]
        },
        {
            "start": 18.74,
            "end": 20.27,
            "text": "Hương đồng gió nội, cây rơm",
            "words": [
                {
                    "word": "Hương",
                    "start": 18.74,
                    "end": 18.83,
                    "note": 61
                },
                {
                    "word": " đồng",
                    "start": 18.83,
                    "end": 18.95,
                    "note": 80
                },
                {
                    "word": " gió",
                    "start": 19.12,
                    "end": 19.37,
                    "note": 82
                },
                {
                    "word": " nội,",
                    "start": 19.44,
                    "end": 19.78,
                    "note": 76
                },
                {
                    "word": " cây",
                    "start": 19.81,
                    "end": 19.93,
                    "note": 73
                },
                {
                    "word": " rơm",
                    "start": 19.93,
                    "end": 20.27,
                    "note": 72
                }
            ]
        }
    ],
    "language": "vi"
}