{
    "text": "浪 奔 浪 流 万 里 涛 涛 江 水 永 不 休 淘 尽 了 世 间 事 混 作 滔 滔 一 片 潮 流 是 喜 是 愁 浪 里 分 不 清 欢 笑 悲 忧 成 功 失 败 浪 里 看 不 出 有 未 有 爱 你 恨 你 问 君 知 否 似 大 江 一 发 不 收 转 千 弯 转 千 滩 亦 未 平 复 此 中 争 斗 又 有 喜 又 有 愁 就 算 分 不 清 欢 笑 悲 忧 仍 愿 翻 百 千 浪 在 我 心 中 起 伏 够 爱 你 恨 你 问 君 知 否 似 大 江 一 发 不 收 转 千 弯 转 千 滩 亦 未 平 复 此 中 争 斗 又 有 喜 又 有 愁 就 算 分 不 清 欢 笑 悲 忧 仍 愿 翻 百 千 浪 在 我 心 中 起 伏 够 仍 愿 翻 百 千 浪 在 我 心 中 起 伏 够",
    "segments": [
        {
            "start": 18.82,
            "end": 20.41,
            "text": "浪 奔 浪 流",
            "words": [
                {
                    "word": "浪",
                    "start": 18.82,
                    "end": 18.97,
                    "note": 52
                },
                {
                    "word": " 奔",
                    "start": 18.97,
                    "end": 20.21,
                    "note": 71
                },
                {
                    "word": " 浪",
                    "start": 20.21,
                    "end": 20.32,
                    "note": 61
                },
                {
                    "word": " 流",
                    "start": 20.32,
                    "end": 20.41,
                    "note": 63
                }
            ]
        },
        {
            "start": 20.41,
            "end": 30.75,
            "text": "万 里 涛 涛 江 水 永 不 休",
            "words": [
                {
                    "word": "万",
                    "start": 20.41,
                    "end": 20.73,
                    "note": 62
                },
                {
                    "word": " 里",
                    "start": 20.73,
                    "end": 20.81,
                    "note": 63
                },
                {
                    "word": " 涛",
                    "start": 21.63,
                    "end": 23.46,
                    "note": 69
                },
                {
                    "word": " 涛",
                    "start": 24.13,
                    "end": 26.58,
                    "note": 72
                },
                {
                    "word": " 江",
                    "start": 26.58,
                    "end": 28.73,
                    "note": 64
                },
                {
                    "word": " 水",
                    "start": 28.73,
                    "end": 28.82,
                    "note": 58
                },
                {
                    "word": " 永",
                    "start": 28.82,
                    "end": 28.97,
                    "note": 60
                },
                {
                    "word": " 不",
                    "start": 29.52,
                    "end": 29.87,
                    "note": 66
                },
                {
                    "word": " 休",
                    "start": 29.87,
                    "end": 30.75,
                    "note": 64
                }
            ]
        },
        {
            "start": 30.75,
            "end": 33.55,
            "text": "淘 尽 了 世 间 事",
            "words": [
                {
                    "word": "淘",
                    "start": 30.75,
                    "end": 30.81,
                    "note": 59
                },
                {
                    "word": " 尽",
                    "start": 30.81,
                    "end": 31.22,
                    "note": 60
                },
                {
                    "word": " 了",
                    "start": 31.22,
                    "end": 31.31,
                    "note": 58
                },
                {
                    "word": " 世",
                    "start": 31.31,
                    "end": 31.61,
                    "note": 59
                },
                {
                    "word": " 间",
                    "start": 31.73,
                    "end": 33.43,
                    "note": 57
                },
                {
                    "word": " 事",
                    "start": 33.43,
                    "end": 33.55,
                    "note": 49
                }
            ]
        },
        {
            "start": 34.71,
            "end": 42.27,
            "text": "混 作 滔 滔 一 片 潮 流",
            "words": [
                {
                    "word": "混",
                    "start": 34.71,
                    "end": 35.25,
                    "note": 67
                },
                {
                    "word": " 作",
                    "start": 35.25,
                    "end": 35.61,
                    "note": 62
                },
                {
                    "word": " 滔",
                    "start": 35.61,
                    "end": 36.16,
                    "note": 61
                },
                {
                    "word": " 滔",
                    "start": 36.59,
                    "end": 39.38,
                    "note": 61
                },
                {
                    "word": " 一",
                    "start": 40.08,
                    "end": 41.99,
                    "note": 63
                },
                {
                    "word": " 片",
                    "start": 41.99,
                    "end": 42.12,
                    "note": 62
                },
                {
                    "word": " 潮",
                    "start": 42.12,
                    "end": 42.18,
                    "note": 62
                },
                {
                    "word": " 流",
                    "start": 42.18,
                    "end": 42.27,
                    "note": 62
                }
            ]
        },
        {
            "start": 42.44,
            "end": 43.71,
            "text": "是 喜 是 愁",
            "words": [
                {
                    "word": "是",
                    "start": 42.44,
                    "end": 42.7,
                    "note": 60
                },
                {
                    "word": " 喜",
                    "start": 42.7,
                    "end": 43.5,
                    "note": 59
                },
                {
                    "word": " 是",
                    "start": 43.5,
                    "end": 43.65,
                    "note": 59
                },
                {
                    "word": " 愁",
                    "start": 43.65,
                    "end": 43.71,
                    "note": 55
                }
            ]
        },
        {
            "start": 43.71,
            "end": 54.83,
            "text": "浪 里 分 不 清 欢 笑 悲 忧",
            "words": [
                {
                    "word": "浪",
                    "start": 43.71,
                    "end": 44.34,
                    "note": 54
                },
                {
                    "word": " 里",
                    "start": 44.34,
                    "end": 44.41,
                    "note": 54
                },
                {
                    "word": " 分",
                    "start": 45.53,
                    "end": 47.63,
                    "note": 69
                },
                {
                    "word": " 不",
                    "start": 47.63,
                    "end": 47.79,
                    "note": 60
                },
                {
                    "word": " 清",
                    "start": 47.79,
                    "end": 48.82,
                    "note": 60
                },
                {
                    "word": " 欢",
                    "start": 48.82,
                    "end": 50.02,
                    "note": 64
                },
                {
                    "word": " 笑",
                    "start": 50.73,
                    "end": 51.03,
                    "note": 66
                },
                {
                    "word": " 悲",
                    "start": 51.03,
                    "end": 52.55,
                    "note": 62
                },
                {
                    "word": " 忧",
                    "start": 53.1,
                    "end": 54.83,
                    "note": 61
                }
            ]
        },
        {
            "start": 56.14,
            "end": 57.43,
            "text": "成 功 失 败",
            "words": [
                {
                    "word": "成",
                    "start": 56.14,
                    "end": 56.23,
                    "note": 55
                },
                {
                    "word": " 功",
                    "start": 56.23,
                    "end": 56.92,
                    "note": 65
                },
                {
                    "word": " 失",
                    "start": 56.92,
                    "end": 57.37,
                    "note": 63
                },
                {
                    "word": " 败",
                    "start": 57.37,
                    "end": 57.43,
                    "note": 54
                }
            ]
        },
        {
            "start": 57.43,
            "end": 60.17,
            "text": "浪 里 看 不 出 有 未 有",
            "words": [
                {
                    "word": "浪",
                    "start": 57.43,
                    "end": 57.61,
                    "note": 55
                },
                {
                    "word": " 里",
                    "start": 57.61,
                    "end": 57.67,
                    "note": 53
                },
                {
                    "word": " 看",
                    "start": 57.67,
                    "end": 57.85,
                    "note": 56
                },
                {
                    "word": " 不",
                    "start": 57.85,
                    "end": 57.98,
                    "note": 61
                },
                {
                    "word": " 出",
                    "start": 57.98,
                    "end": 58.59,
                    "note": 67
                },
                {
                    "word": " 有",
                    "start": 58.59,
                    "end": 58.86,
                    "note": 69
                },
                {
                    "word": " 未",
                    "start": 58.86,
                    "end": 59.61,
                    "note": 62
                },
                {
                    "word": " 有",
                    "start": 59.61,
                    "end": 60.17,
                    "note": 70
                }
            ]
        },
        {
            "start": 60.17,
            "end": 70.18,
            "text": "爱 你 恨 你 问 君 知 否",
            "words": [
                {
                    "word": "爱",
                    "start": 60.17,
                    "end": 60.23,
                    "note": 55
                },
                {
                    "word": " 你",
                    "start": 60.23,
                    "end": 60.33,
                    "note": 53
                },
                {
                    "word": " 恨",
                    "start": 60.33,
                    "end": 60.42,
                    "note": 62
                },
                {
                    "word": " 你",
                    "start": 60.42,
                    "end": 60.57,
                    "note": 58
                },
                {
                    "word": " 问",
                    "start": 61.16,
                    "end": 61.29,
                    "note": 63
                },
                {
                    "word": " 君",
                    "start": 61.29,
                    "end": 65.94,
                    "note": 71
                },
                {
                    "word": " 知",
                    "start": 66.78,
                    "end": 70.07,
                    "note": 67
                },
                {
                    "word": " 否",
                    "start": 70.07,
                    "end": 70.18,
                    "note": 62
                }
            ]
        },
        {
            "start": 70.18,
            "end": 74.09,
            "text": "似 大 江 一 发 不 收",
            "words": [
                {
                    "word": "似",
                    "start": 70.18,
                    "end": 70.35,
                    "note": 63
                },
                {
                    "word": " 大",
                    "start": 70.35,
                    "end": 70.41,
                    "note": 57
                },
                {
                    "word": " 江",
                    "start": 70.41,
                    "end": 71.31,
                    "note": 60
                },
                {
                    "word": " 一",
                    "start": 71.86,
                    "end": 72.89,
                    "note": 57
                },
                {
                    "word": " 发",
                    "start": 72.89,
                    "end": 72.95,
                    "note": 58
                },
                {
                    "word": " 不",
                    "start": 72.95,
                    "end": 73.01,
                    "note": 69
                },
                {
                    "word": " 收",
                    "start": 73.01,
                    "end": 74.09,
                    "note": 68
                }
            ]
        },
        {
            "start": 74.49,
            "end": 77.83,
            "text": "转 千 弯 转 千 滩",
            "words": [
                {
                    "word": "转",
                    "start": 74.49,
                    "end": 74.69,
                    "note": 67
                },
                {
                    "word": " 千",
                    "start": 74.69,
                    "end": 75.36,
                    "note": 65
                },
                {
                    "word": " 弯",
                    "start": 75.36,
                    "end": 75.6,
                    "note": 64
                },
                {
                    "word": " 转",
                    "start": 75.6,
                    "end": 75.94,
                    "note": 76
                },
                {
                    "word": " 千",
                    "start": 75.94,
                    "end": 77.02,
                    "note": 77
                },
                {
                    "word": " 滩",
                    "start": 77.28,
                    "end": 77.83,
                    "note": 60
                }
            ]
        },
        {
            "start": 77.83,
            "end": 81.79,
            "text": "亦 未 平 复 此 中 争 斗",
            "words": [
                {
                    "word": "亦",
                    "start": 77.83,
                    "end": 77.86,
                    "note": 56
                },
                {
                    "word": " 未",
                    "start": 77.86,
                    "end": 78.17,
                    "note": 66
                },
                {
                    "word": " 平",
                    "start": 78.17,
                    "end": 78.71,
                    "note": 56
                },
                {
                    "word": " 复",
                    "start": 78.71,
                    "end": 79.43,
                    "note": 71
                },
                {
                    "word": " 此",
                    "start": 79.43,
                    "end": 79.64,
                    "note": 68
                },
                {
                    "word": " 中",
                    "start": 79.64,
                    "end": 79.95,
                    "note": 65
                },
                {
                    "word": " 争",
                    "start": 79.95,
                    "end": 80.96,
                    "note": 68
                },
                {
                    "word": " 斗",
                    "start": 80.96,
                    "end": 81.79,
                    "note": 73
                }
            ]
        },
        {
            "start": 81.79,
            "end": 83.58,
            "text": "又 有 喜 又 有 愁",
            "words": [
                {
                    "word": "又",
                    "start": 81.79,
                    "end": 82.01,
                    "note": 64
                },
                {
                    "word": " 有",
                    "start": 82.01,
                    "end": 82.28,
                    "note": 60
                },
                {
                    "word": " 喜",
                    "start": 82.89,
                    "end": 82.97,
                    "note": 59
                },
                {
                    "word": " 又",
                    "start": 82.97,
                    "end": 83.27,
                    "note": 65
                },
                {
                    "word": " 有",
                    "start": 83.27,
                    "end": 83.43,
                    "note": 68
                },
                {
                    "word": " 愁",
                    "start": 83.43,
                    "end": 83.58,
                    "note": 67
                }
            ]
        },
        {
            "start": 83.58,
            "end": 91.65,
            "text": "就 算 分 不 清 欢 笑 悲 忧",
            "words": [
                {
                    "word": "就",
                    "start": 83.58,
                    "end": 83.66,
                    "note": 67
                },
                {
                    "word": " 算",
                    "start": 83.66,
                    "end": 84.04,
                    "note": 61
                },
                {
                    "word": " 分",
                    "start": 84.04,
                    "end": 84.72,
                    "note": 62
                },
                {
                    "word": " 不",
                    "start": 85.16,
                    "end": 85.22,
                    "note": 60
                },
                {
                    "word": " 清",
                    "start": 85.22,
                    "end": 86.12,
                    "note": 69
                },
                {
                    "word": " 欢",
                    "start": 86.12,
                    "end": 87.27,
                    "note": 57
                },
                {
                    "word": " 笑",
                    "start": 88.08,
                    "end": 88.42,
                    "note": 67
                },
                {
                    "word": " 悲",
                    "start": 88.42,
                    "end": 89.93,
                    "note": 71
                },
                {
                    "word": " 忧",
                    "start": 89.93,
                    "end": 91.65,
                    "note": 59
                }
            ]
        },
        {
            "start": 91.65,
            "end": 95.27,
            "text": "仍 愿 翻 百 千 浪",
            "words": [
                {
                    "word": "仍",
                    "start": 91.65,
                    "end": 92.97,
                    "note": 62
                },
                {
                    "word": " 愿",
                    "start": 93.42,
                    "end": 93.59,
                    "note": 59
                },
                {
                    "word": " 翻",
                    "start": 93.59,
                    "end": 94.28,
                    "note": 56
                },
                {
                    "word": " 百",
                    "start": 94.28,
                    "end": 94.37,
                    "note": 69
                },
                {
                    "word": " 千",
                    "start": 94.37,
                    "end": 94.54,
                    "note": 72
                },
                {
                    "word": " 浪",
                    "start": 94.54,
                    "end": 95.27,
                    "note": 60
                }
            ]
        },
        {
            "start": 95.27,
            "end": 112.74,
            "text": "在 我 心 中 起 伏 够",
            "words": [
                {
                    "word": "在",
                    "start": 95.27,
                    "end": 95.33,
                    "note": 60
                },
                {
                    "word": " 我",
                    "start": 95.85,
                    "end": 96.35,
                    "note": 62
                },
                {
                    "word": " 心",
                    "start": 96.38,
                    "end": 97.76,
                    "note": 51
                },
                {
                    "word": " 中",
                    "start": 98.79,
                    "end": 103.61,
                    "note": 58
                },
                {
                    "word": " 起",
                    "start": 103.61,
                    "end": 103.67,
                    "note": 64
                },
                {
                    "word": " 伏",
                    "start": 103.67,
                    "end": 104.28,
                    "note": 55
                },
                {
                    "word": " 够",
                    "start": 112.67,
                    "end": 112.74,
                    "note": 71
                }
            ]
        },
        {
            "start": 116.22,
            "end": 134.22,
            "text": "爱 你 恨 你 问 君 知 否",
            "words": [
                {
                    "word": "爱",
                    "start": 116.22,
                    "end": 116.28,
                    "note": 57
                },
                {
                    "word": " 你",
                    "start": 117.44,
                    "end": 117.6,
                    "note": 54
                },
                {
                    "word": " 恨",
                    "start": 117.6,
                    "end": 120.19,
                    "note": 59
                },
                {
                    "word": " 你",
                    "start": 120.57,
                    "end": 120.63,
                    "note": 51
                },
                {
                    "word": " 问",
                    "start": 120.63,
                    "end": 123.49,
                    "note": 55
                },
                {
                    "word": " 君",
                    "start": 125.1,
                    "end": 129.87,
                    "note": 72
                },
                {
                    "word": " 知",
                    "start": 130.75,
                    "end": 134.12,
                    "note": 66
                },
                {
                    "word": " 否",
                    "start": 134.12,
                    "end": 134.22,
                    "note": 55
                }
            ]
        },
        {
            "start": 134.22,
            "end": 138.96,
            "text": "似 大 江 一 发 不 收",
            "words": [
                {
                    "word": "似",
                    "start": 134.22,
                    "end": 134.41,
                    "note": 58
                },
                {
                    "word": " 大",
                    "start": 134.41,
                    "end": 134.53,
                    "note": 57
                },
                {
                    "word": " 江",
                    "start": 134.53,
                    "end": 136.89,
                    "note": 59
                },
                {
                    "word": " 一",
                    "start": 136.89,
                    "end": 137.6,
                    "note": 67
                },
                {
                    "word": " 发",
                    "start": 137.6,
                    "end": 137.66,
                    "note": 55
                },
                {
                    "word": " 不",
                    "start": 137.66,
                    "end": 137.73,
                    "note": 56
                },
                {
                    "word": " 收",
                    "start": 138.51,
                    "end": 138.96,
                    "note": 72
                }
            ]
        },
        {
            "start": 138.96,
            "end": 141.76,
            "text": "转 千 弯 转 千 滩",
            "words": [
                {
                    "word": "转",
                    "start": 138.96,
                    "end": 139.11,
                    "note": 65
                },
                {
                    "word": " 千",
                    "start": 139.11,
                    "end": 139.37,
                    "note": 65
                },
                {
                    "word": " 弯",
                    "start": 139.37,
                    "end": 139.61,
                    "note": 72
                },
                {
                    "word": " 转",
                    "start": 139.61,
                    "end": 140.44,
                    "note": 75
                },
                {
                    "word": " 千",
                    "start": 140.44,
                    "end": 140.98,
                    "note": 68
                },
                {
                    "word": " 滩",
                    "start": 141.36,
                    "end": 141.76,
                    "note": 60
                }
            ]
        },
        {
            "start": 141.76,
            "end": 146.16,
            "text": "亦 未 平 复 此 中 争 斗",
            "words": [
                {
                    "word": "亦",
                    "start": 141.76,
                    "end": 141.85,
                    "note": 57
                },
                {
                    "word": " 未",
                    "start": 141.85,
                    "end": 142.48,
                    "note": 64
                },
                {
                    "word": " 平",
                    "start": 142.48,
                    "end": 142.95,
                    "note": 54
                },
                {
                    "word": " 复",
                    "start": 143.21,
                    "end": 143.46,
                    "note": 64
                },
                {
                    "word": " 此",
                    "start": 143.49,
                    "end": 143.64,
                    "note": 65
                },
                {
                    "word": " 中",
                    "start": 143.64,
                    "end": 144.3,
                    "note": 70
                },
                {
                    "word": " 争",
                    "start": 144.3,
                    "end": 144.96,
                    "note": 67
                },
                {
                    "word": " 斗",
                    "start": 144.96,
                    "end": 146.16,
                    "note": 71
                }
            ]
        },
        {
            "start": 146.16,
            "end": 147.61,
            "text": "又 有 喜 又 有 愁",
            "words": [
                {
                    "word": "又",
                    "start": 146.16,
                    "end": 146.23,
                    "note": 63
                },
                {
                    "word": " 有",
                    "start": 146.23,
                    "end": 146.61,
                    "note": 64
                },
                {
                    "word": " 喜",
                    "start": 146.83,
                    "end": 146.9,
                    "note": 64
                },
                {
                    "word": " 又",
                    "start": 146.9,
                    "end": 147.23,
                    "note": 68
                },
                {
                    "word": " 有",
                    "start": 147.23,
                    "end": 147.55,
                    "note": 66
                },
                {
                    "word": " 愁",
                    "start": 147.55,
                    "end": 147.61,
                    "note": 70
                }
            ]
        },
        {
            "start": 147.61,
            "end": 156.66,
            "text": "就 算 分 不 清 欢 笑 悲 忧",
            "words": [
                {
                    "word": "就",
                    "start": 147.61,
                    "end": 147.69,
                    "note": 67
                },
                {
                    "word": " 算",
                    "start": 147.69,
                    "end": 148.03,
                    "note": 61
                },
                {
                    "word": " 分",
                    "start": 148.03,
                    "end": 148.9,
                    "note": 62
                },
                {
                    "word": " 不",
                    "start": 149.26,
                    "end": 149.32,
                    "note": 68
                },
                {
                    "word": " 清",
                    "start": 149.32,
                    "end": 151.2,
                    "note": 62
                },
                {
                    "word": " 欢",
                    "start": 152.17,
                    "end": 152.93,
                    "note": 67
                },
                {
                    "word": " 笑",
                    "start": 152.93,
                    "end": 153.15,
                    "note": 70
                },
                {
                    "word": " 悲",
                    "start": 153.15,
                    "end": 154.14,
                    "note": 71
                },
                {
                    "word": " 忧",
                    "start": 154.14,
                    "end": 156.66,
                    "note": 62
                }
            ]
        },
        {
            "start": 157.44,
            "end": 161.49,
            "text": "仍 愿 翻 百 千 浪",
            "words": [
                {
                    "word": "仍",
                    "start": 157.44,
                    "end": 157.91,
                    "note": 61
                },
                {
                    "word": " 愿",
                    "start": 157.91,
                    "end": 158.17,
                    "note": 56
                },
                {
                    "word": " 翻",
                    "start": 158.17,
                    "end": 159.03,
                    "note": 59
                },
                {
                    "word": " 百",
                    "start": 159.03,
                    "end": 159.11,
                    "note": 60
                },
                {
                    "word": " 千",
                    "start": 159.86,
                    "end": 161.21,
                    "note": 62
                },
                {
                    "word": " 浪",
                    "start": 161.21,
                    "end": 161.49,
                    "note": 48
                }
            ]
        },
        {
            "start": 162.79,
            "end": 166.93,
            "text": "在 我 心 中 起 伏 够",
            "words": [
                {
                    "word": "在",
                    "start": 162.79,
                    "end": 162.98,
                    "note": 56
                },
                {
                    "word": " 我",
                    "start": 162.98,
                    "end": 163.45,
                    "note": 62
                },
                {
                    "word": " 心",
                    "start": 163.45,
                    "end": 164.3,
                    "note": 55
                },
                {
                    "word": " 中",
                    "start": 164.5,
                    "end": 165.54,
                    "note": 60
                },
                {
                    "word": " 起",
                    "start": 165.54,
                    "end": 165.61,
                    "note": 58
                },
                {
                    "word": " 伏",
                    "start": 165.61,
                    "end": 166.26,
                    "note": 62
                },
                {
                    "word": " 够",
                    "start": 166.32,
                    "end": 166.93,
                    "note": 52
                }
            ]
        },
        {
            "start": 166.93,
            "end": 172.31,
            "text": "仍 愿 翻 百 千 浪",
            "words": [
                {
                    "word": "仍",
                    "start": 166.93,
                    "end": 167.56,
                    "note": 52
                },
                {
                    "word": " 愿",
                    "start": 168.25,
                    "end": 168.45,
                    "note": 53
                },
                {
                    "word": " 翻",
                    "start": 168.45,
                    "end": 169.91,
                    "note": 58
                },
                {
                    "word": " 百",
                    "start": 169.91,
                    "end": 169.97,
                    "note": 67
                },
                {
                    "word": " 千",
                    "start": 170.6,
                    "end": 171.66,
                    "note": 60
                },
                {
                    "word": " 浪",
                    "start": 171.66,
                    "end": 172.31,
                    "note": 48
                }
            ]
        },
        {
            "start": 173.54,
            "end": 190.83,
            "text": "在 我 心 中 起 伏 够",
            "words": [
                {
                    "word": "在",
                    "start": 173.54,
                    "end": 173.72,
                    "note": 58
                },
                {
                    "word": " 我",
                    "start": 173.72,
                    "end": 173.9,
                    "note": 49
                },
                {
                    "word": " 心",
                    "start": 173.9,
                    "end": 178.92,
                    "note": 54
                },
                {
                    "word": " 中",
                    "start": 179.68,
                    "end": 181.71,
                    "note": 56
                },
                {
                    "word": " 起",
                    "start": 181.71,
                    "end": 181.77,
                    "note": 51
                },
                {
                    "word": " 伏",
                    "start": 181.77,
                    "end": 182.02,
                    "note": 54
                },
                {
                    "word": " 够",
                    "start": 190.79,
                    "end": 190.83,
                    "note": -1
                }
            ]
        }
    ],
    "language": "vi"
}