{
    "text": "I'm hurting baby, I'm broken down I need your loving, loving I need it now When I'm without you, I'm something weak You got me begging, begging I'm on my knees I don't wanna be needing your love I just wanna be deep in your love And it's killing me when you're away Ooh baby 'Cause I really don't care where you are I just wanna be there where you are And I gotta get one little taste Sugar, yes please Won't you come and put it down on me? I'm right here, 'cause I need Little love, a little sympathy Yeah, you show me good loving, make it alright Need a little sweetness in my life Your sugar, yes please Won't you come and put it down on me? Babe, my broken pieces, you pick them up Don't leave me hanging, hanging, come give me some When I'm without you, I'm so insecure You are the one thing, one thing I'm living for I don't wanna be needing your love I just wanna be deep in your love And it's killing me when you're away Ooh baby 'Cause I really don't care where you are I just wanna be there where you are And I gotta get one little taste Sugar, yes please Won't you come and put it down on me? I'm right here, 'cause I need Little love, a little sympathy Yeah, you show me good loving, make it alright Need a little sweetness in my life Your sugar, yes please Won't you come and put it down on me? Yeah I want that red velvet I want that sugar sweet Don't let nobody touch it unless that somebody's me I gotta be a man, there ain't no other way 'Cause girl you're hotter than a Southern California day Never wanna play no games, you don't gotta be afraid Don't give me all that shy shit No makeup on, that's my sugar Sugar, yes please Won't you come and put it down on me? I'm right here, 'cause I need Little love, a little sympathy Yeah, you show me good loving, make it alright Need a little sweetness in my life Your sugar, yes please Won't you come and put it down on me? Sugar, yes please Won't you come and put it down on me? I'm right here, 'cause I need Little love, a little sympathy Yeah, you show me good loving, make it alright Need a little sweetness in my life Your sugar, yes please Won't you come and put it down on me? Down on me, down on me, ooh",
    "segments": [
        {
            "start": 7.59,
            "end": 9.81,
            "text": "I'm hurting baby, I'm broken down",
            "words": [
                {
                    "word": "I'm",
                    "start": 7.59,
                    "end": 7.71,
                    "note": 82
                },
                {
                    "word": " hurting",
                    "start": 8.6,
                    "end": 8.79,
                    "note": 82
                },
                {
                    "word": " baby,",
                    "start": 8.79,
                    "end": 9.09,
                    "note": 79
                },
                {
                    "word": " I'm",
                    "start": 9.09,
                    "end": 9.37,
                    "note": 63
                },
                {
                    "word": " broken",
                    "start": 9.37,
                    "end": 9.74,
                    "note": 69
                },
                {
                    "word": " down",
                    "start": 9.74,
                    "end": 9.81,
                    "note": 63
                }
            ]
        },
        {
            "start": 10.6,
            "end": 14.73,
            "text": "I need your loving, loving I need it now",
            "words": [
                {
                    "word": "I",
                    "start": 10.6,
                    "end": 10.81,
                    "note": 84
                },
                {
                    "word": " need",
                    "start": 10.81,
                    "end": 11.1,
                    "note": 76
                },
                {
                    "word": " your",
                    "start": 11.1,
                    "end": 11.37,
                    "note": 63
                },
                {
                    "word": " loving,",
                    "start": 11.37,
                    "end": 12.13,
                    "note": 79
                },
                {
                    "word": " loving",
                    "start": 12.13,
                    "end": 12.23,
                    "note": 83
                },
                {
                    "word": " I",
                    "start": 12.59,
                    "end": 12.72,
                    "note": 79
                },
                {
                    "word": " need",
                    "start": 12.72,
                    "end": 13.92,
                    "note": 69
                },
                {
                    "word": " it",
                    "start": 14.38,
                    "end": 14.49,
                    "note": 81
                },
                {
                    "word": " now",
                    "start": 14.49,
                    "end": 14.73,
                    "note": 77
                }
            ]
        },
        {
            "start": 14.73,
            "end": 17.79,
            "text": "When I'm without you, I'm something weak",
            "words": [
                {
                    "word": "When",
                    "start": 14.73,
                    "end": 15.21,
                    "note": 65
                },
                {
                    "word": " I'm",
                    "start": 15.34,
                    "end": 15.59,
                    "note": 84
                },
                {
                    "word": " without",
                    "start": 15.59,
                    "end": 15.88,
                    "note": 83
                },
                {
                    "word": " you,",
                    "start": 15.88,
                    "end": 16.03,
                    "note": 59
                },
                {
                    "word": " I'm",
                    "start": 16.6,
                    "end": 16.86,
                    "note": 75
                },
                {
                    "word": " something",
                    "start": 16.86,
                    "end": 17.23,
                    "note": 84
                },
                {
                    "word": " weak",
                    "start": 17.23,
                    "end": 17.79,
                    "note": 76
                }
            ]
        },
        {
            "start": 18.4,
            "end": 21.58,
            "text": "You got me begging, begging I'm on my knees",
            "words": [
                {
                    "word": "You",
                    "start": 18.4,
                    "end": 18.52,
                    "note": 84
                },
                {
                    "word": " got",
                    "start": 18.52,
                    "end": 18.71,
                    "note": 83
                },
                {
                    "word": " me",
                    "start": 18.71,
                    "end": 19.1,
                    "note": 76
                },
                {
                    "word": " begging,",
                    "start": 19.1,
                    "end": 19.34,
                    "note": 61
                },
                {
                    "word": " begging",
                    "start": 19.34,
                    "end": 19.46,
                    "note": 61
                },
                {
                    "word": " I'm",
                    "start": 19.46,
                    "end": 19.94,
                    "note": 63
                },
                {
                    "word": " on",
                    "start": 20.57,
                    "end": 20.84,
                    "note": 60
                },
                {
                    "word": " my",
                    "start": 20.84,
                    "end": 21.07,
                    "note": 80
                },
                {
                    "word": " knees",
                    "start": 21.07,
                    "end": 21.58,
                    "note": 70
                }
            ]
        },
        {
            "start": 21.58,
            "end": 24.89,
            "text": "I don't wanna be needing your love",
            "words": [
                {
                    "word": "I",
                    "start": 21.58,
                    "end": 22.59,
                    "note": 69
                },
                {
                    "word": " don't",
                    "start": 22.59,
                    "end": 22.84,
                    "note": 73
                },
                {
                    "word": " wanna",
                    "start": 22.84,
                    "end": 23.09,
                    "note": 79
                },
                {
                    "word": " be",
                    "start": 23.09,
                    "end": 23.22,
                    "note": 63
                },
                {
                    "word": " needing",
                    "start": 23.22,
                    "end": 24.29,
                    "note": 62
                },
                {
                    "word": " your",
                    "start": 24.29,
                    "end": 24.63,
                    "note": 77
                },
                {
                    "word": " love",
                    "start": 24.63,
                    "end": 24.89,
                    "note": 56
                }
            ]
        },
        {
            "start": 24.89,
            "end": 28.79,
            "text": "I just wanna be deep in your love",
            "words": [
                {
                    "word": "I",
                    "start": 24.89,
                    "end": 25.02,
                    "note": 58
                },
                {
                    "word": " just",
                    "start": 25.02,
                    "end": 26.12,
                    "note": 63
                },
                {
                    "word": " wanna",
                    "start": 26.12,
                    "end": 26.39,
                    "note": 79
                },
                {
                    "word": " be",
                    "start": 26.39,
                    "end": 26.6,
                    "note": 69
                },
                {
                    "word": " deep",
                    "start": 26.6,
                    "end": 27.03,
                    "note": 61
                },
                {
                    "word": " in",
                    "start": 27.03,
                    "end": 28.11,
                    "note": 64
                },
                {
                    "word": " your",
                    "start": 28.11,
                    "end": 28.4,
                    "note": 75
                },
                {
                    "word": " love",
                    "start": 28.6,
                    "end": 28.79,
                    "note": 60
                }
            ]
        },
        {
            "start": 28.79,
            "end": 32.27,
            "text": "And it's killing me when you're away",
            "words": [
                {
                    "word": "And",
                    "start": 28.79,
                    "end": 29.05,
                    "note": 61
                },
                {
                    "word": " it's",
                    "start": 29.05,
                    "end": 29.34,
                    "note": 61
                },
                {
                    "word": " killing",
                    "start": 29.34,
                    "end": 29.61,
                    "note": 67
                },
                {
                    "word": " me",
                    "start": 29.61,
                    "end": 30.55,
                    "note": 71
                },
                {
                    "word": " when",
                    "start": 30.55,
                    "end": 31.17,
                    "note": 65
                },
                {
                    "word": " you're",
                    "start": 31.62,
                    "end": 31.78,
                    "note": 64
                },
                {
                    "word": " away",
                    "start": 31.78,
                    "end": 32.27,
                    "note": 67
                }
            ]
        },
        {
            "start": 32.27,
            "end": 32.7,
            "text": "Ooh baby",
            "words": [
                {
                    "word": "Ooh",
                    "start": 32.27,
                    "end": 32.6,
                    "note": 67
                },
                {
                    "word": " baby",
                    "start": 32.6,
                    "end": 32.7,
                    "note": 69
                }
            ]
        },
        {
            "start": 32.7,
            "end": 34.8,
            "text": "'Cause I really don't care where you are",
            "words": [
                {
                    "word": "'Cause",
                    "start": 32.7,
                    "end": 32.87,
                    "note": 57
                },
                {
                    "word": " I",
                    "start": 32.87,
                    "end": 33.09,
                    "note": 59
                },
                {
                    "word": " really",
                    "start": 33.09,
                    "end": 33.3,
                    "note": 65
                },
                {
                    "word": " don't",
                    "start": 33.3,
                    "end": 33.49,
                    "note": 68
                },
                {
                    "word": " care",
                    "start": 33.49,
                    "end": 33.98,
                    "note": 74
                },
                {
                    "word": " where",
                    "start": 33.98,
                    "end": 34.42,
                    "note": 74
                },
                {
                    "word": " you",
                    "start": 34.42,
                    "end": 34.54,
                    "note": 71
                },
                {
                    "word": " are",
                    "start": 34.54,
                    "end": 34.8,
                    "note": 77
                }
            ]
        },
        {
            "start": 34.8,
            "end": 36.99,
            "text": "I just wanna be there where you are",
            "words": [
                {
                    "word": "I",
                    "start": 34.8,
                    "end": 35.09,
                    "note": 69
                },
                {
                    "word": " just",
                    "start": 35.09,
                    "end": 35.34,
                    "note": 61
                },
                {
                    "word": " wanna",
                    "start": 35.34,
                    "end": 35.46,
                    "note": 68
                },
                {
                    "word": " be",
                    "start": 35.46,
                    "end": 35.97,
                    "note": 75
                },
                {
                    "word": " there",
                    "start": 35.97,
                    "end": 36.4,
                    "note": 78
                },
                {
                    "word": " where",
                    "start": 36.4,
                    "end": 36.67,
                    "note": 71
                },
                {
                    "word": " you",
                    "start": 36.67,
                    "end": 36.79,
                    "note": 56
                },
                {
                    "word": " are",
                    "start": 36.79,
                    "end": 36.99,
                    "note": 69
                }
            ]
        },
        {
            "start": 36.99,
            "end": 38,
            "text": "And I gotta get one little taste",
            "words": [
                {
                    "word": "And",
                    "start": 36.99,
                    "end": 37.18,
                    "note": 56
                },
                {
                    "word": " I",
                    "start": 37.18,
                    "end": 37.37,
                    "note": 58
                },
                {
                    "word": " gotta",
                    "start": 37.37,
                    "end": 37.5,
                    "note": 71
                },
                {
                    "word": " get",
                    "start": 37.5,
                    "end": 37.62,
                    "note": 64
                },
                {
                    "word": " one",
                    "start": 37.62,
                    "end": 37.69,
                    "note": 68
                },
                {
                    "word": " little",
                    "start": 37.69,
                    "end": 37.88,
                    "note": 75
                },
                {
                    "word": " taste",
                    "start": 37.88,
                    "end": 38,
                    "note": 63
                }
            ]
        },
        {
            "start": 38,
            "end": 39.25,
            "text": "Sugar, yes please",
            "words": [
                {
                    "word": "Sugar,",
                    "start": 38,
                    "end": 38.1,
                    "note": 61
                },
                {
                    "word": " yes",
                    "start": 38.1,
                    "end": 38.34,
                    "note": 70
                },
                {
                    "word": " please",
                    "start": 38.34,
                    "end": 39.25,
                    "note": 69
                }
            ]
        },
        {
            "start": 39.6,
            "end": 43.59,
            "text": "Won't you come and put it down on me?",
            "words": [
                {
                    "word": "Won't",
                    "start": 39.6,
                    "end": 39.9,
                    "note": 58
                },
                {
                    "word": " you",
                    "start": 39.9,
                    "end": 40.06,
                    "note": 79
                },
                {
                    "word": " come",
                    "start": 40.35,
                    "end": 40.46,
                    "note": 71
                },
                {
                    "word": " and",
                    "start": 40.46,
                    "end": 40.63,
                    "note": 74
                },
                {
                    "word": " put",
                    "start": 40.63,
                    "end": 40.9,
                    "note": 79
                },
                {
                    "word": " it",
                    "start": 41.48,
                    "end": 41.91,
                    "note": 63
                },
                {
                    "word": " down",
                    "start": 41.91,
                    "end": 42.22,
                    "note": 84
                },
                {
                    "word": " on",
                    "start": 42.22,
                    "end": 43.23,
                    "note": 69
                },
                {
                    "word": " me?",
                    "start": 43.23,
                    "end": 43.59,
                    "note": 68
                }
            ]
        },
        {
            "start": 43.59,
            "end": 49.09,
            "text": "I'm right here, 'cause I need",
            "words": [
                {
                    "word": "I'm",
                    "start": 43.59,
                    "end": 43.92,
                    "note": 66
                },
                {
                    "word": " right",
                    "start": 46.07,
                    "end": 46.16,
                    "note": 70
                },
                {
                    "word": " here,",
                    "start": 46.16,
                    "end": 47.04,
                    "note": 72
                },
                {
                    "word": " 'cause",
                    "start": 47.04,
                    "end": 47.13,
                    "note": 72
                },
                {
                    "word": " I",
                    "start": 47.6,
                    "end": 47.73,
                    "note": 63
                },
                {
                    "word": " need",
                    "start": 48.9,
                    "end": 49.09,
                    "note": 70
                }
            ]
        },
        {
            "start": 49.09,
            "end": 52.16,
            "text": "Little love, a little sympathy",
            "words": [
                {
                    "word": "Little",
                    "start": 49.09,
                    "end": 49.24,
                    "note": 76
                },
                {
                    "word": " love,",
                    "start": 49.63,
                    "end": 49.72,
                    "note": 80
                },
                {
                    "word": " a",
                    "start": 49.72,
                    "end": 49.84,
                    "note": 70
                },
                {
                    "word": " little",
                    "start": 49.84,
                    "end": 51.87,
                    "note": 77
                },
                {
                    "word": " sympathy",
                    "start": 51.87,
                    "end": 52.16,
                    "note": 67
                }
            ]
        },
        {
            "start": 52.16,
            "end": 57.91,
            "text": "Yeah, you show me good loving, make it alright",
            "words": [
                {
                    "word": "Yeah,",
                    "start": 52.16,
                    "end": 52.26,
                    "note": 82
                },
                {
                    "word": " you",
                    "start": 54.74,
                    "end": 55.01,
                    "note": 68
                },
                {
                    "word": " show",
                    "start": 55.5,
                    "end": 55.97,
                    "note": 64
                },
                {
                    "word": " me",
                    "start": 55.97,
                    "end": 56.76,
                    "note": 73
                },
                {
                    "word": " good",
                    "start": 56.76,
                    "end": 56.87,
                    "note": 76
                },
                {
                    "word": " loving,",
                    "start": 56.87,
                    "end": 57.1,
                    "note": 69
                },
                {
                    "word": " make",
                    "start": 57.1,
                    "end": 57.41,
                    "note": 65
                },
                {
                    "word": " it",
                    "start": 57.41,
                    "end": 57.63,
                    "note": 73
                },
                {
                    "word": " alright",
                    "start": 57.63,
                    "end": 57.91,
                    "note": 77
                }
            ]
        },
        {
            "start": 57.91,
            "end": 61.59,
            "text": "Need a little sweetness in my life",
            "words": [
                {
                    "word": "Need",
                    "start": 57.91,
                    "end": 58.14,
                    "note": 78
                },
                {
                    "word": " a",
                    "start": 58.9,
                    "end": 59.42,
                    "note": 77
                },
                {
                    "word": " little",
                    "start": 59.42,
                    "end": 59.88,
                    "note": 80
                },
                {
                    "word": " sweetness",
                    "start": 59.88,
                    "end": 60.07,
                    "note": 82
                },
                {
                    "word": " in",
                    "start": 60.07,
                    "end": 60.6,
                    "note": 65
                },
                {
                    "word": " my",
                    "start": 60.6,
                    "end": 61.11,
                    "note": 70
                },
                {
                    "word": " life",
                    "start": 61.11,
                    "end": 61.59,
                    "note": 68
                }
            ]
        },
        {
            "start": 61.59,
            "end": 62.57,
            "text": "Your sugar, yes please",
            "words": [
                {
                    "word": "Your",
                    "start": 61.59,
                    "end": 61.77,
                    "note": 70
                },
                {
                    "word": " sugar,",
                    "start": 61.77,
                    "end": 61.92,
                    "note": 74
                },
                {
                    "word": " yes",
                    "start": 62.11,
                    "end": 62.42,
                    "note": 67
                },
                {
                    "word": " please",
                    "start": 62.42,
                    "end": 62.57,
                    "note": 66
                }
            ]
        },
        {
            "start": 62.57,
            "end": 72.23,
            "text": "Won't you come and put it down on me?",
            "words": [
                {
                    "word": "Won't",
                    "start": 62.57,
                    "end": 62.67,
                    "note": 64
                },
                {
                    "word": " you",
                    "start": 62.67,
                    "end": 63.44,
                    "note": 72
                },
                {
                    "word": " come",
                    "start": 63.44,
                    "end": 63.84,
                    "note": 77
                },
                {
                    "word": " and",
                    "start": 63.84,
                    "end": 63.95,
                    "note": 71
                },
                {
                    "word": " put",
                    "start": 66.36,
                    "end": 67.59,
                    "note": 70
                },
                {
                    "word": " it",
                    "start": 67.59,
                    "end": 67.95,
                    "note": 65
                },
                {
                    "word": " down",
                    "start": 67.95,
                    "end": 68.22,
                    "note": 83
                },
                {
                    "word": " on",
                    "start": 71.14,
                    "end": 71.65,
                    "note": 65
                },
                {
                    "word": " me?",
                    "start": 72.08,
                    "end": 72.23,
                    "note": 78
                }
            ]
        },
        {
            "start": 72.45,
            "end": 75.35,
            "text": "Babe, my broken pieces, you pick them up",
            "words": [
                {
                    "word": "Babe,",
                    "start": 72.45,
                    "end": 72.87,
                    "note": 70
                },
                {
                    "word": " my",
                    "start": 72.87,
                    "end": 73.1,
                    "note": 76
                },
                {
                    "word": " broken",
                    "start": 73.1,
                    "end": 73.31,
                    "note": 63
                },
                {
                    "word": " pieces,",
                    "start": 73.31,
                    "end": 73.86,
                    "note": 61
                },
                {
                    "word": " you",
                    "start": 73.86,
                    "end": 73.94,
                    "note": 85
                },
                {
                    "word": " pick",
                    "start": 74.52,
                    "end": 74.74,
                    "note": 58
                },
                {
                    "word": " them",
                    "start": 74.89,
                    "end": 75.09,
                    "note": 74
                },
                {
                    "word": " up",
                    "start": 75.09,
                    "end": 75.35,
                    "note": 63
                }
            ]
        },
        {
            "start": 75.35,
            "end": 79.02,
            "text": "Don't leave me hanging, hanging, come give me some",
            "words": [
                {
                    "word": "Don't",
                    "start": 75.35,
                    "end": 76,
                    "note": 68
                },
                {
                    "word": " leave",
                    "start": 76.6,
                    "end": 76.65,
                    "note": 57
                },
                {
                    "word": " me",
                    "start": 76.65,
                    "end": 76.88,
                    "note": 76
                },
                {
                    "word": " hanging,",
                    "start": 76.88,
                    "end": 77.31,
                    "note": 62
                },
                {
                    "word": " hanging,",
                    "start": 77.31,
                    "end": 77.91,
                    "note": 78
                },
                {
                    "word": " come",
                    "start": 77.91,
                    "end": 78.03,
                    "note": 70
                },
                {
                    "word": " give",
                    "start": 78.03,
                    "end": 78.58,
                    "note": 74
                },
                {
                    "word": " me",
                    "start": 78.58,
                    "end": 78.79,
                    "note": 66
                },
                {
                    "word": " some",
                    "start": 78.79,
                    "end": 79.02,
                    "note": 72
                }
            ]
        },
        {
            "start": 79.02,
            "end": 81.82,
            "text": "When I'm without you, I'm so insecure",
            "words": [
                {
                    "word": "When",
                    "start": 79.02,
                    "end": 79.25,
                    "note": 61
                },
                {
                    "word": " I'm",
                    "start": 79.25,
                    "end": 79.89,
                    "note": 76
                },
                {
                    "word": " without",
                    "start": 79.89,
                    "end": 80.12,
                    "note": 64
                },
                {
                    "word": " you,",
                    "start": 80.41,
                    "end": 80.51,
                    "note": 76
                },
                {
                    "word": " I'm",
                    "start": 80.51,
                    "end": 80.86,
                    "note": 73
                },
                {
                    "word": " so",
                    "start": 80.86,
                    "end": 81.24,
                    "note": 76
                },
                {
                    "word": " insecure",
                    "start": 81.24,
                    "end": 81.82,
                    "note": 74
                }
            ]
        },
        {
            "start": 82.08,
            "end": 86.55,
            "text": "You are the one thing, one thing I'm living for",
            "words": [
                {
                    "word": "You",
                    "start": 82.08,
                    "end": 82.37,
                    "note": 69
                },
                {
                    "word": " are",
                    "start": 82.37,
                    "end": 82.7,
                    "note": 82
                },
                {
                    "word": " the",
                    "start": 83.36,
                    "end": 83.9,
                    "note": 71
                },
                {
                    "word": " one",
                    "start": 83.9,
                    "end": 84.11,
                    "note": 72
                },
                {
                    "word": " thing,",
                    "start": 84.59,
                    "end": 84.66,
                    "note": 60
                },
                {
                    "word": " one",
                    "start": 84.66,
                    "end": 85.6,
                    "note": 74
                },
                {
                    "word": " thing",
                    "start": 85.6,
                    "end": 85.87,
                    "note": 67
                },
                {
                    "word": " I'm",
                    "start": 85.87,
                    "end": 86.07,
                    "note": 57
                },
                {
                    "word": " living",
                    "start": 86.07,
                    "end": 86.25,
                    "note": 77
                },
                {
                    "word": " for",
                    "start": 86.36,
                    "end": 86.55,
                    "note": 69
                }
            ]
        },
        {
            "start": 86.55,
            "end": 89.03,
            "text": "I don't wanna be needing your love",
            "words": [
                {
                    "word": "I",
                    "start": 86.55,
                    "end": 86.73,
                    "note": 68
                },
                {
                    "word": " don't",
                    "start": 86.73,
                    "end": 87.11,
                    "note": 78
                },
                {
                    "word": " wanna",
                    "start": 87.11,
                    "end": 88.03,
                    "note": 69
                },
                {
                    "word": " be",
                    "start": 88.03,
                    "end": 88.1,
                    "note": 64
                },
                {
                    "word": " needing",
                    "start": 88.32,
                    "end": 88.59,
                    "note": 75
                },
                {
                    "word": " your",
                    "start": 88.73,
                    "end": 88.86,
                    "note": 57
                },
                {
                    "word": " love",
                    "start": 88.86,
                    "end": 89.03,
                    "note": 62
                }
            ]
        },
        {
            "start": 89.03,
            "end": 92.61,
            "text": "I just wanna be deep in your love",
            "words": [
                {
                    "word": "I",
                    "start": 89.03,
                    "end": 89.97,
                    "note": 62
                },
                {
                    "word": " just",
                    "start": 89.97,
                    "end": 90.38,
                    "note": 72
                },
                {
                    "word": " wanna",
                    "start": 90.38,
                    "end": 90.64,
                    "note": 70
                },
                {
                    "word": " be",
                    "start": 90.64,
                    "end": 90.82,
                    "note": 59
                },
                {
                    "word": " deep",
                    "start": 90.82,
                    "end": 91.03,
                    "note": 58
                },
                {
                    "word": " in",
                    "start": 91.03,
                    "end": 91.6,
                    "note": 61
                },
                {
                    "word": " your",
                    "start": 91.6,
                    "end": 92.09,
                    "note": 67
                },
                {
                    "word": " love",
                    "start": 92.09,
                    "end": 92.61,
                    "note": 73
                }
            ]
        },
        {
            "start": 92.61,
            "end": 94.84,
            "text": "And it's killing me when you're away",
            "words": [
                {
                    "word": "And",
                    "start": 92.61,
                    "end": 92.84,
                    "note": 60
                },
                {
                    "word": " it's",
                    "start": 92.84,
                    "end": 92.87,
                    "note": 77
                },
                {
                    "word": " killing",
                    "start": 92.87,
                    "end": 93.05,
                    "note": 59
                },
                {
                    "word": " me",
                    "start": 93.05,
                    "end": 93.67,
                    "note": 64
                },
                {
                    "word": " when",
                    "start": 93.67,
                    "end": 94.3,
                    "note": 69
                },
                {
                    "word": " you're",
                    "start": 94.3,
                    "end": 94.51,
                    "note": 71
                },
                {
                    "word": " away",
                    "start": 94.51,
                    "end": 94.84,
                    "note": 62
                }
            ]
        },
        {
            "start": 95.62,
            "end": 96.1,
            "text": "Ooh baby",
            "words": [
                {
                    "word": "Ooh",
                    "start": 95.62,
                    "end": 95.84,
                    "note": 63
                },
                {
                    "word": " baby",
                    "start": 95.84,
                    "end": 96.1,
                    "note": 69
                }
            ]
        },
        {
            "start": 96.1,
            "end": 98.36,
            "text": "'Cause I really don't care where you are",
            "words": [
                {
                    "word": "'Cause",
                    "start": 96.1,
                    "end": 96.31,
                    "note": 70
                },
                {
                    "word": " I",
                    "start": 96.31,
                    "end": 96.42,
                    "note": 75
                },
                {
                    "word": " really",
                    "start": 96.42,
                    "end": 96.51,
                    "note": 75
                },
                {
                    "word": " don't",
                    "start": 96.51,
                    "end": 96.62,
                    "note": 75
                },
                {
                    "word": " care",
                    "start": 96.62,
                    "end": 97.18,
                    "note": 73
                },
                {
                    "word": " where",
                    "start": 97.18,
                    "end": 97.33,
                    "note": 71
                },
                {
                    "word": " you",
                    "start": 97.33,
                    "end": 97.94,
                    "note": 74
                },
                {
                    "word": " are",
                    "start": 97.94,
                    "end": 98.36,
                    "note": 76
                }
            ]
        },
        {
            "start": 98.36,
            "end": 100.83,
            "text": "I just wanna be there where you are",
            "words": [
                {
                    "word": "I",
                    "start": 98.36,
                    "end": 99,
                    "note": 75
                },
                {
                    "word": " just",
                    "start": 99,
                    "end": 99.08,
                    "note": 57
                },
                {
                    "word": " wanna",
                    "start": 99.08,
                    "end": 99.39,
                    "note": 57
                },
                {
                    "word": " be",
                    "start": 99.39,
                    "end": 99.56,
                    "note": 78
                },
                {
                    "word": " there",
                    "start": 99.56,
                    "end": 99.72,
                    "note": 80
                },
                {
                    "word": " where",
                    "start": 99.72,
                    "end": 99.93,
                    "note": 70
                },
                {
                    "word": " you",
                    "start": 99.93,
                    "end": 100.53,
                    "note": 78
                },
                {
                    "word": " are",
                    "start": 100.53,
                    "end": 100.83,
                    "note": 63
                }
            ]
        },
        {
            "start": 100.83,
            "end": 103.2,
            "text": "And I gotta get one little taste",
            "words": [
                {
                    "word": "And",
                    "start": 100.83,
                    "end": 101.19,
                    "note": 60
                },
                {
                    "word": " I",
                    "start": 101.19,
                    "end": 101.52,
                    "note": 65
                },
                {
                    "word": " gotta",
                    "start": 101.52,
                    "end": 101.87,
                    "note": 70
                },
                {
                    "word": " get",
                    "start": 101.87,
                    "end": 102,
                    "note": 64
                },
                {
                    "word": " one",
                    "start": 102,
                    "end": 102.4,
                    "note": 71
                },
                {
                    "word": " little",
                    "start": 102.4,
                    "end": 102.8,
                    "note": 62
                },
                {
                    "word": " taste",
                    "start": 103.12,
                    "end": 103.2,
                    "note": 88
                }
            ]
        },
        {
            "start": 103.61,
            "end": 104.47,
            "text": "Sugar, yes please",
            "words": [
                {
                    "word": "Sugar,",
                    "start": 103.61,
                    "end": 103.88,
                    "note": 62
                },
                {
                    "word": " yes",
                    "start": 103.88,
                    "end": 104.37,
                    "note": 76
                },
                {
                    "word": " please",
                    "start": 104.37,
                    "end": 104.47,
                    "note": 69
                }
            ]
        },
        {
            "start": 104.47,
            "end": 108.22,
            "text": "Won't you come and put it down on me?",
            "words": [
                {
                    "word": "Won't",
                    "start": 104.47,
                    "end": 104.6,
                    "note": 82
                },
                {
                    "word": " you",
                    "start": 104.6,
                    "end": 104.94,
                    "note": 74
                },
                {
                    "word": " come",
                    "start": 104.94,
                    "end": 105.03,
                    "note": 76
                },
                {
                    "word": " and",
                    "start": 105.6,
                    "end": 105.93,
                    "note": 59
                },
                {
                    "word": " put",
                    "start": 105.93,
                    "end": 106.06,
                    "note": 81
                },
                {
                    "word": " it",
                    "start": 106.06,
                    "end": 107.23,
                    "note": 72
                },
                {
                    "word": " down",
                    "start": 107.23,
                    "end": 107.59,
                    "note": 70
                },
                {
                    "word": " on",
                    "start": 107.59,
                    "end": 107.9,
                    "note": 69
                },
                {
                    "word": " me?",
                    "start": 108.08,
                    "end": 108.22,
                    "note": 83
                }
            ]
        },
        {
            "start": 110.77,
            "end": 116.04,
            "text": "I'm right here, 'cause I need",
            "words": [
                {
                    "word": "I'm",
                    "start": 110.77,
                    "end": 111.06,
                    "note": 70
                },
                {
                    "word": " right",
                    "start": 111.58,
                    "end": 111.85,
                    "note": 62
                },
                {
                    "word": " here,",
                    "start": 111.85,
                    "end": 112,
                    "note": 80
                },
                {
                    "word": " 'cause",
                    "start": 112,
                    "end": 112.51,
                    "note": 77
                },
                {
                    "word": " I",
                    "start": 113.53,
                    "end": 115.93,
                    "note": 78
                },
                {
                    "word": " need",
                    "start": 115.93,
                    "end": 116.04,
                    "note": 69
                }
            ]
        },
        {
            "start": 116.04,
            "end": 120.09,
            "text": "Little love, a little sympathy",
            "words": [
                {
                    "word": "Little",
                    "start": 116.04,
                    "end": 116.19,
                    "note": 67
                },
                {
                    "word": " love,",
                    "start": 117.1,
                    "end": 117.21,
                    "note": 86
                },
                {
                    "word": " a",
                    "start": 117.21,
                    "end": 117.61,
                    "note": 82
                },
                {
                    "word": " little",
                    "start": 117.61,
                    "end": 119.31,
                    "note": 75
                },
                {
                    "word": " sympathy",
                    "start": 119.49,
                    "end": 120.09,
                    "note": 65
                }
            ]
        },
        {
            "start": 120.09,
            "end": 122.38,
            "text": "Yeah, you show me good loving, make it alright",
            "words": [
                {
                    "word": "Yeah,",
                    "start": 120.09,
                    "end": 120.62,
                    "note": 77
                },
                {
                    "word": " you",
                    "start": 120.62,
                    "end": 120.76,
                    "note": 62
                },
                {
                    "word": " show",
                    "start": 120.76,
                    "end": 120.94,
                    "note": 71
                },
                {
                    "word": " me",
                    "start": 120.94,
                    "end": 121.09,
                    "note": 70
                },
                {
                    "word": " good",
                    "start": 121.09,
                    "end": 121.41,
                    "note": 71
                },
                {
                    "word": " loving,",
                    "start": 121.41,
                    "end": 121.87,
                    "note": 74
                },
                {
                    "word": " make",
                    "start": 122,
                    "end": 122.24,
                    "note": 67
                },
                {
                    "word": " it",
                    "start": 122.24,
                    "end": 122.27,
                    "note": 76
                },
                {
                    "word": " alright",
                    "start": 122.27,
                    "end": 122.38,
                    "note": 75
                }
            ]
        },
        {
            "start": 122.38,
            "end": 125.57,
            "text": "Need a little sweetness in my life",
            "words": [
                {
                    "word": "Need",
                    "start": 122.38,
                    "end": 122.72,
                    "note": 72
                },
                {
                    "word": " a",
                    "start": 122.87,
                    "end": 123.91,
                    "note": 78
                },
                {
                    "word": " little",
                    "start": 123.91,
                    "end": 124.1,
                    "note": 79
                },
                {
                    "word": " sweetness",
                    "start": 124.1,
                    "end": 124.22,
                    "note": 61
                },
                {
                    "word": " in",
                    "start": 124.22,
                    "end": 124.61,
                    "note": 63
                },
                {
                    "word": " my",
                    "start": 124.61,
                    "end": 125.09,
                    "note": 76
                },
                {
                    "word": " life",
                    "start": 125.09,
                    "end": 125.57,
                    "note": 71
                }
            ]
        },
        {
            "start": 125.57,
            "end": 126.87,
            "text": "Your sugar, yes please",
            "words": [
                {
                    "word": "Your",
                    "start": 125.57,
                    "end": 125.78,
                    "note": 71
                },
                {
                    "word": " sugar,",
                    "start": 125.78,
                    "end": 125.91,
                    "note": 75
                },
                {
                    "word": " yes",
                    "start": 126.11,
                    "end": 126.37,
                    "note": 68
                },
                {
                    "word": " please",
                    "start": 126.63,
                    "end": 126.87,
                    "note": 72
                }
            ]
        },
        {
            "start": 126.87,
            "end": 138.02,
            "text": "Won't you come and put it down on me?",
            "words": [
                {
                    "word": "Won't",
                    "start": 126.87,
                    "end": 127.43,
                    "note": 74
                },
                {
                    "word": " you",
                    "start": 127.43,
                    "end": 127.93,
                    "note": 79
                },
                {
                    "word": " come",
                    "start": 130.25,
                    "end": 130.3,
                    "note": 92
                },
                {
                    "word": " and",
                    "start": 130.3,
                    "end": 132.24,
                    "note": 72
                },
                {
                    "word": " put",
                    "start": 135.12,
                    "end": 136.35,
                    "note": 70
                },
                {
                    "word": " it",
                    "start": 136.35,
                    "end": 136.57,
                    "note": 80
                },
                {
                    "word": " down",
                    "start": 136.57,
                    "end": 137.13,
                    "note": 75
                },
                {
                    "word": " on",
                    "start": 137.13,
                    "end": 137.82,
                    "note": 67
                },
                {
                    "word": " me?",
                    "start": 137.82,
                    "end": 138.02,
                    "note": 68
                }
            ]
        },
        {
            "start": 138.02,
            "end": 138.35,
            "text": "Yeah",
            "words": [
                {
                    "word": "Yeah",
                    "start": 138.02,
                    "end": 138.35,
                    "note": 57
                }
            ]
        },
        {
            "start": 138.35,
            "end": 139.93,
            "text": "I want that red velvet",
            "words": [
                {
                    "word": "I",
                    "start": 138.35,
                    "end": 138.56,
                    "note": 74
                },
                {
                    "word": " want",
                    "start": 138.56,
                    "end": 139.05,
                    "note": 74
                },
                {
                    "word": " that",
                    "start": 139.05,
                    "end": 139.42,
                    "note": 62
                },
                {
                    "word": " red",
                    "start": 139.42,
                    "end": 139.66,
                    "note": 66
                },
                {
                    "word": " velvet",
                    "start": 139.66,
                    "end": 139.93,
                    "note": 64
                }
            ]
        },
        {
            "start": 139.93,
            "end": 141.31,
            "text": "I want that sugar sweet",
            "words": [
                {
                    "word": "I",
                    "start": 139.93,
                    "end": 140.37,
                    "note": 56
                },
                {
                    "word": " want",
                    "start": 140.37,
                    "end": 140.53,
                    "note": 78
                },
                {
                    "word": " that",
                    "start": 140.53,
                    "end": 140.61,
                    "note": 54
                },
                {
                    "word": " sugar",
                    "start": 140.61,
                    "end": 141.1,
                    "note": 62
                },
                {
                    "word": " sweet",
                    "start": 141.1,
                    "end": 141.31,
                    "note": 56
                }
            ]
        },
        {
            "start": 141.31,
            "end": 143.77,
            "text": "Don't let nobody touch it unless that somebody's me",
            "words": [
                {
                    "word": "Don't",
                    "start": 141.31,
                    "end": 141.67,
                    "note": 77
                },
                {
                    "word": " let",
                    "start": 141.67,
                    "end": 141.81,
                    "note": 58
                },
                {
                    "word": " nobody",
                    "start": 141.81,
                    "end": 142.37,
                    "note": 66
                },
                {
                    "word": " touch",
                    "start": 142.37,
                    "end": 142.47,
                    "note": 56
                },
                {
                    "word": " it",
                    "start": 142.47,
                    "end": 142.65,
                    "note": 56
                },
                {
                    "word": " unless",
                    "start": 142.65,
                    "end": 142.78,
                    "note": 62
                },
                {
                    "word": " that",
                    "start": 142.78,
                    "end": 142.99,
                    "note": 72
                },
                {
                    "word": " somebody's",
                    "start": 142.99,
                    "end": 143.34,
                    "note": 62
                },
                {
                    "word": " me",
                    "start": 143.34,
                    "end": 143.77,
                    "note": 72
                }
            ]
        },
        {
            "start": 143.77,
            "end": 148.95,
            "text": "I gotta be a man, there ain't no other way",
            "words": [
                {
                    "word": "I",
                    "start": 143.77,
                    "end": 144.34,
                    "note": 56
                },
                {
                    "word": " gotta",
                    "start": 144.34,
                    "end": 144.58,
                    "note": 86
                },
                {
                    "word": " be",
                    "start": 144.58,
                    "end": 144.8,
                    "note": 71
                },
                {
                    "word": " a",
                    "start": 144.8,
                    "end": 145.73,
                    "note": 72
                },
                {
                    "word": " man,",
                    "start": 145.73,
                    "end": 146.27,
                    "note": 74
                },
                {
                    "word": " there",
                    "start": 146.27,
                    "end": 146.57,
                    "note": 83
                },
                {
                    "word": " ain't",
                    "start": 146.57,
                    "end": 148.22,
                    "note": 71
                },
                {
                    "word": " no",
                    "start": 148.22,
                    "end": 148.35,
                    "note": 70
                },
                {
                    "word": " other",
                    "start": 148.35,
                    "end": 148.57,
                    "note": 82
                },
                {
                    "word": " way",
                    "start": 148.57,
                    "end": 148.95,
                    "note": 64
                }
            ]
        },
        {
            "start": 148.95,
            "end": 151.25,
            "text": "'Cause girl you're hotter than a Southern California day",
            "words": [
                {
                    "word": "'Cause",
                    "start": 148.95,
                    "end": 149.34,
                    "note": 74
                },
                {
                    "word": " girl",
                    "start": 149.34,
                    "end": 149.98,
                    "note": 79
                },
                {
                    "word": " you're",
                    "start": 149.98,
                    "end": 150.07,
                    "note": 65
                },
                {
                    "word": " hotter",
                    "start": 150.07,
                    "end": 150.27,
                    "note": 70
                },
                {
                    "word": " than",
                    "start": 150.27,
                    "end": 150.37,
                    "note": 68
                },
                {
                    "word": " a",
                    "start": 150.37,
                    "end": 150.54,
                    "note": 80
                },
                {
                    "word": " Southern",
                    "start": 150.54,
                    "end": 150.76,
                    "note": 70
                },
                {
                    "word": " California",
                    "start": 150.76,
                    "end": 150.83,
                    "note": 64
                },
                {
                    "word": " day",
                    "start": 150.83,
                    "end": 151.25,
                    "note": 79
                }
            ]
        },
        {
            "start": 151.37,
            "end": 155.14,
            "text": "Never wanna play no games, you don't gotta be afraid",
            "words": [
                {
                    "word": "Never",
                    "start": 151.37,
                    "end": 151.59,
                    "note": 81
                },
                {
                    "word": " wanna",
                    "start": 151.59,
                    "end": 152.27,
                    "note": 69
                },
                {
                    "word": " play",
                    "start": 152.27,
                    "end": 152.73,
                    "note": 67
                },
                {
                    "word": " no",
                    "start": 152.73,
                    "end": 153.36,
                    "note": 77
                },
                {
                    "word": " games,",
                    "start": 153.36,
                    "end": 153.58,
                    "note": 72
                },
                {
                    "word": " you",
                    "start": 153.58,
                    "end": 153.86,
                    "note": 66
                },
                {
                    "word": " don't",
                    "start": 153.86,
                    "end": 154.29,
                    "note": 73
                },
                {
                    "word": " gotta",
                    "start": 154.29,
                    "end": 154.4,
                    "note": 69
                },
                {
                    "word": " be",
                    "start": 154.4,
                    "end": 154.87,
                    "note": 74
                },
                {
                    "word": " afraid",
                    "start": 154.87,
                    "end": 155.14,
                    "note": 84
                }
            ]
        },
        {
            "start": 155.14,
            "end": 156.9,
            "text": "Don't give me all that shy shit",
            "words": [
                {
                    "word": "Don't",
                    "start": 155.14,
                    "end": 155.2,
                    "note": 58
                },
                {
                    "word": " give",
                    "start": 155.2,
                    "end": 155.34,
                    "note": 53
                },
                {
                    "word": " me",
                    "start": 155.34,
                    "end": 155.71,
                    "note": 61
                },
                {
                    "word": " all",
                    "start": 155.86,
                    "end": 156.26,
                    "note": 73
                },
                {
                    "word": " that",
                    "start": 156.26,
                    "end": 156.52,
                    "note": 64
                },
                {
                    "word": " shy",
                    "start": 156.52,
                    "end": 156.65,
                    "note": 58
                },
                {
                    "word": " shit",
                    "start": 156.65,
                    "end": 156.9,
                    "note": 61
                }
            ]
        },
        {
            "start": 156.9,
            "end": 158.59,
            "text": "No makeup on, that's my sugar",
            "words": [
                {
                    "word": "No",
                    "start": 156.9,
                    "end": 157.11,
                    "note": 79
                },
                {
                    "word": " makeup",
                    "start": 157.11,
                    "end": 157.3,
                    "note": 75
                },
                {
                    "word": " on,",
                    "start": 157.3,
                    "end": 157.84,
                    "note": 80
                },
                {
                    "word": " that's",
                    "start": 157.84,
                    "end": 158.14,
                    "note": 69
                },
                {
                    "word": " my",
                    "start": 158.14,
                    "end": 158.41,
                    "note": 67
                },
                {
                    "word": " sugar",
                    "start": 158.41,
                    "end": 158.59,
                    "note": 67
                }
            ]
        },
        {
            "start": 158.59,
            "end": 160.37,
            "text": "Sugar, yes please",
            "words": [
                {
                    "word": "Sugar,",
                    "start": 158.59,
                    "end": 159.41,
                    "note": 76
                },
                {
                    "word": " yes",
                    "start": 159.41,
                    "end": 159.85,
                    "note": 79
                },
                {
                    "word": " please",
                    "start": 159.85,
                    "end": 160.37,
                    "note": 79
                }
            ]
        },
        {
            "start": 160.37,
            "end": 164.22,
            "text": "Won't you come and put it down on me?",
            "words": [
                {
                    "word": "Won't",
                    "start": 160.37,
                    "end": 160.46,
                    "note": 72
                },
                {
                    "word": " you",
                    "start": 160.46,
                    "end": 160.65,
                    "note": 76
                },
                {
                    "word": " come",
                    "start": 160.65,
                    "end": 160.72,
                    "note": 77
                },
                {
                    "word": " and",
                    "start": 160.72,
                    "end": 161.08,
                    "note": 77
                },
                {
                    "word": " put",
                    "start": 161.08,
                    "end": 161.4,
                    "note": 76
                },
                {
                    "word": " it",
                    "start": 161.4,
                    "end": 161.59,
                    "note": 71
                },
                {
                    "word": " down",
                    "start": 161.59,
                    "end": 162.92,
                    "note": 72
                },
                {
                    "word": " on",
                    "start": 162.92,
                    "end": 164.03,
                    "note": 67
                },
                {
                    "word": " me?",
                    "start": 164.03,
                    "end": 164.22,
                    "note": 79
                }
            ]
        },
        {
            "start": 170.88,
            "end": 175.53,
            "text": "I'm right here, 'cause I need",
            "words": [
                {
                    "word": "I'm",
                    "start": 170.88,
                    "end": 171.96,
                    "note": 79
                },
                {
                    "word": " right",
                    "start": 171.96,
                    "end": 172.16,
                    "note": 65
                },
                {
                    "word": " here,",
                    "start": 172.16,
                    "end": 172.27,
                    "note": 85
                },
                {
                    "word": " 'cause",
                    "start": 174.74,
                    "end": 175,
                    "note": 69
                },
                {
                    "word": " I",
                    "start": 175,
                    "end": 175.34,
                    "note": 70
                },
                {
                    "word": " need",
                    "start": 175.34,
                    "end": 175.53,
                    "note": 74
                }
            ]
        },
        {
            "start": 175.53,
            "end": 176.99,
            "text": "Little love, a little sympathy",
            "words": [
                {
                    "word": "Little",
                    "start": 175.53,
                    "end": 175.69,
                    "note": 68
                },
                {
                    "word": " love,",
                    "start": 175.69,
                    "end": 176.19,
                    "note": 69
                },
                {
                    "word": " a",
                    "start": 176.19,
                    "end": 176.68,
                    "note": 82
                },
                {
                    "word": " little",
                    "start": 176.68,
                    "end": 176.85,
                    "note": 88
                },
                {
                    "word": " sympathy",
                    "start": 176.85,
                    "end": 176.99,
                    "note": 78
                }
            ]
        },
        {
            "start": 176.99,
            "end": 180.62,
            "text": "Yeah, you show me good loving, make it alright",
            "words": [
                {
                    "word": "Yeah,",
                    "start": 176.99,
                    "end": 177.6,
                    "note": 83
                },
                {
                    "word": " you",
                    "start": 177.6,
                    "end": 177.9,
                    "note": 74
                },
                {
                    "word": " show",
                    "start": 177.9,
                    "end": 177.97,
                    "note": 84
                },
                {
                    "word": " me",
                    "start": 177.97,
                    "end": 178.13,
                    "note": 64
                },
                {
                    "word": " good",
                    "start": 178.13,
                    "end": 178.69,
                    "note": 74
                },
                {
                    "word": " loving,",
                    "start": 178.69,
                    "end": 178.81,
                    "note": 78
                },
                {
                    "word": " make",
                    "start": 178.81,
                    "end": 179.91,
                    "note": 81
                },
                {
                    "word": " it",
                    "start": 179.91,
                    "end": 180.1,
                    "note": 83
                },
                {
                    "word": " alright",
                    "start": 180.1,
                    "end": 180.62,
                    "note": 63
                }
            ]
        },
        {
            "start": 180.62,
            "end": 183.62,
            "text": "Need a little sweetness in my life",
            "words": [
                {
                    "word": "Need",
                    "start": 180.62,
                    "end": 181.12,
                    "note": 73
                },
                {
                    "word": " a",
                    "start": 181.12,
                    "end": 181.55,
                    "note": 70
                },
                {
                    "word": " little",
                    "start": 181.55,
                    "end": 182.67,
                    "note": 75
                },
                {
                    "word": " sweetness",
                    "start": 182.67,
                    "end": 182.74,
                    "note": 81
                },
                {
                    "word": " in",
                    "start": 182.74,
                    "end": 182.88,
                    "note": 70
                },
                {
                    "word": " my",
                    "start": 182.88,
                    "end": 183.44,
                    "note": 79
                },
                {
                    "word": " life",
                    "start": 183.44,
                    "end": 183.62,
                    "note": 77
                }
            ]
        },
        {
            "start": 183.62,
            "end": 184.47,
            "text": "Your sugar, yes please",
            "words": [
                {
                    "word": "Your",
                    "start": 183.62,
                    "end": 183.91,
                    "note": 76
                },
                {
                    "word": " sugar,",
                    "start": 183.91,
                    "end": 183.97,
                    "note": 76
                },
                {
                    "word": " yes",
                    "start": 183.97,
                    "end": 184.22,
                    "note": 77
                },
                {
                    "word": " please",
                    "start": 184.22,
                    "end": 184.47,
                    "note": 67
                }
            ]
        },
        {
            "start": 184.47,
            "end": 192.55,
            "text": "Won't you come and put it down on me?",
            "words": [
                {
                    "word": "Won't",
                    "start": 184.47,
                    "end": 184.56,
                    "note": 75
                },
                {
                    "word": " you",
                    "start": 186.39,
                    "end": 188.07,
                    "note": 71
                },
                {
                    "word": " come",
                    "start": 188.07,
                    "end": 189.25,
                    "note": 82
                },
                {
                    "word": " and",
                    "start": 189.25,
                    "end": 189.35,
                    "note": 67
                },
                {
                    "word": " put",
                    "start": 189.35,
                    "end": 189.66,
                    "note": 80
                },
                {
                    "word": " it",
                    "start": 189.66,
                    "end": 192,
                    "note": 78
                },
                {
                    "word": " down",
                    "start": 192,
                    "end": 192.09,
                    "note": 64
                },
                {
                    "word": " on",
                    "start": 192.09,
                    "end": 192.19,
                    "note": 70
                },
                {
                    "word": " me?",
                    "start": 192.19,
                    "end": 192.55,
                    "note": 66
                }
            ]
        },
        {
            "start": 192.55,
            "end": 192.98,
            "text": "Sugar, yes please",
            "words": [
                {
                    "word": "Sugar,",
                    "start": 192.55,
                    "end": 192.76,
                    "note": 63
                },
                {
                    "word": " yes",
                    "start": 192.76,
                    "end": 192.94,
                    "note": 76
                },
                {
                    "word": " please",
                    "start": 192.94,
                    "end": 192.98,
                    "note": 75
                }
            ]
        },
        {
            "start": 192.98,
            "end": 197.28,
            "text": "Won't you come and put it down on me?",
            "words": [
                {
                    "word": "Won't",
                    "start": 192.98,
                    "end": 193.13,
                    "note": 64
                },
                {
                    "word": " you",
                    "start": 193.13,
                    "end": 193.95,
                    "note": 64
                },
                {
                    "word": " come",
                    "start": 193.95,
                    "end": 194.11,
                    "note": 75
                },
                {
                    "word": " and",
                    "start": 194.11,
                    "end": 194.56,
                    "note": 72
                },
                {
                    "word": " put",
                    "start": 194.56,
                    "end": 195.18,
                    "note": 69
                },
                {
                    "word": " it",
                    "start": 195.6,
                    "end": 195.8,
                    "note": 66
                },
                {
                    "word": " down",
                    "start": 195.8,
                    "end": 196.1,
                    "note": 76
                },
                {
                    "word": " on",
                    "start": 196.1,
                    "end": 196.31,
                    "note": 78
                },
                {
                    "word": " me?",
                    "start": 197.15,
                    "end": 197.28,
                    "note": 73
                }
            ]
        },
        {
            "start": 197.28,
            "end": 199.01,
            "text": "I'm right here, 'cause I need",
            "words": [
                {
                    "word": "I'm",
                    "start": 197.28,
                    "end": 197.32,
                    "note": 83
                },
                {
                    "word": " right",
                    "start": 197.32,
                    "end": 198.18,
                    "note": 76
                },
                {
                    "word": " here,",
                    "start": 198.18,
                    "end": 198.45,
                    "note": 73
                },
                {
                    "word": " 'cause",
                    "start": 198.45,
                    "end": 198.62,
                    "note": 72
                },
                {
                    "word": " I",
                    "start": 198.62,
                    "end": 198.85,
                    "note": 83
                },
                {
                    "word": " need",
                    "start": 198.85,
                    "end": 199.01,
                    "note": 87
                }
            ]
        },
        {
            "start": 199.87,
            "end": 201.86,
            "text": "Little love, a little sympathy",
            "words": [
                {
                    "word": "Little",
                    "start": 199.87,
                    "end": 200.15,
                    "note": 84
                },
                {
                    "word": " love,",
                    "start": 200.15,
                    "end": 200.72,
                    "note": 72
                },
                {
                    "word": " a",
                    "start": 200.72,
                    "end": 200.9,
                    "note": 71
                },
                {
                    "word": " little",
                    "start": 200.9,
                    "end": 201.65,
                    "note": 74
                },
                {
                    "word": " sympathy",
                    "start": 201.65,
                    "end": 201.86,
                    "note": 68
                }
            ]
        },
        {
            "start": 201.86,
            "end": 205.72,
            "text": "Yeah, you show me good loving, make it alright",
            "words": [
                {
                    "word": "Yeah,",
                    "start": 201.86,
                    "end": 202.12,
                    "note": 79
                },
                {
                    "word": " you",
                    "start": 202.12,
                    "end": 202.91,
                    "note": 69
                },
                {
                    "word": " show",
                    "start": 202.91,
                    "end": 203.03,
                    "note": 78
                },
                {
                    "word": " me",
                    "start": 203.03,
                    "end": 203.28,
                    "note": 81
                },
                {
                    "word": " good",
                    "start": 203.28,
                    "end": 204.18,
                    "note": 62
                },
                {
                    "word": " loving,",
                    "start": 204.18,
                    "end": 204.28,
                    "note": 58
                },
                {
                    "word": " make",
                    "start": 204.28,
                    "end": 204.64,
                    "note": 82
                },
                {
                    "word": " it",
                    "start": 205.26,
                    "end": 205.6,
                    "note": 75
                },
                {
                    "word": " alright",
                    "start": 205.6,
                    "end": 205.72,
                    "note": 72
                }
            ]
        },
        {
            "start": 206.13,
            "end": 209.12,
            "text": "Need a little sweetness in my life",
            "words": [
                {
                    "word": "Need",
                    "start": 206.13,
                    "end": 206.88,
                    "note": 73
                },
                {
                    "word": " a",
                    "start": 206.88,
                    "end": 207.01,
                    "note": 68
                },
                {
                    "word": " little",
                    "start": 207.01,
                    "end": 207.42,
                    "note": 72
                },
                {
                    "word": " sweetness",
                    "start": 207.53,
                    "end": 208.11,
                    "note": 69
                },
                {
                    "word": " in",
                    "start": 208.11,
                    "end": 208.69,
                    "note": 78
                },
                {
                    "word": " my",
                    "start": 208.69,
                    "end": 208.88,
                    "note": 86
                },
                {
                    "word": " life",
                    "start": 208.88,
                    "end": 209.12,
                    "note": 79
                }
            ]
        },
        {
            "start": 209.12,
            "end": 210.14,
            "text": "Your sugar, yes please",
            "words": [
                {
                    "word": "Your",
                    "start": 209.12,
                    "end": 209.4,
                    "note": 71
                },
                {
                    "word": " sugar,",
                    "start": 209.4,
                    "end": 209.68,
                    "note": 76
                },
                {
                    "word": " yes",
                    "start": 209.68,
                    "end": 209.88,
                    "note": 74
                },
                {
                    "word": " please",
                    "start": 209.88,
                    "end": 210.14,
                    "note": 75
                }
            ]
        },
        {
            "start": 210.14,
            "end": 212.91,
            "text": "Won't you come and put it down on me?",
            "words": [
                {
                    "word": "Won't",
                    "start": 210.14,
                    "end": 210.56,
                    "note": 76
                },
                {
                    "word": " you",
                    "start": 210.56,
                    "end": 210.6,
                    "note": 76
                },
                {
                    "word": " come",
                    "start": 210.6,
                    "end": 211.36,
                    "note": 81
                },
                {
                    "word": " and",
                    "start": 211.36,
                    "end": 211.66,
                    "note": 84
                },
                {
                    "word": " put",
                    "start": 211.66,
                    "end": 211.8,
                    "note": 82
                },
                {
                    "word": " it",
                    "start": 211.8,
                    "end": 211.89,
                    "note": 70
                },
                {
                    "word": " down",
                    "start": 211.89,
                    "end": 212.26,
                    "note": 66
                },
                {
                    "word": " on",
                    "start": 212.26,
                    "end": 212.57,
                    "note": 68
                },
                {
                    "word": " me?",
                    "start": 212.57,
                    "end": 212.91,
                    "note": 80
                }
            ]
        },
        {
            "start": 212.91,
            "end": 215.93,
            "text": "Down on me, down on me, ooh",
            "words": [
                {
                    "word": "Down",
                    "start": 212.91,
                    "end": 212.97,
                    "note": 73
                },
                {
                    "word": " on",
                    "start": 212.97,
                    "end": 213.09,
                    "note": 82
                },
                {
                    "word": " me,",
                    "start": 213.09,
                    "end": 213.5,
                    "note": 78
                },
                {
                    "word": " down",
                    "start": 213.5,
                    "end": 213.92,
                    "note": 76
                },
                {
                    "word": " on",
                    "start": 214.11,
                    "end": 214.73,
                    "note": 73
                },
                {
                    "word": " me,",
                    "start": 214.73,
                    "end": 214.85,
                    "note": 69
                },
                {
                    "word": " ooh",
                    "start": 214.85,
                    "end": 215.93,
                    "note": 75
                }
            ]
        }
    ],
    "language": "vi"
}