{
    "text": "Ta về ta tắm ao ta Dù trong, dù đục, ao nhà vẫn hơn Tình quê son sắt keo sơn Hương đồng gió nội, cây rơm",
    "segments": [
        {
            "start": 11.12,
            "end": 13.28,
            "text": "Ta về ta tắm ao ta",
            "words": [
                {
                    "word": "Ta",
                    "start": 11.12,
                    "end": 11.42,
                    "note": 86
                },
                {
                    "word": " về",
                    "start": 11.42,
                    "end": 11.77,
                    "note": 80
                },
                {
                    "word": " ta",
                    "start": 11.82,
                    "end": 12.11,
                    "note": 86
                },
                {
                    "word": " tắm",
                    "start": 12.15,
                    "end": 12.42,
                    "note": 73
                },
                {
                    "word": " ao",
                    "start": 12.45,
                    "end": 12.77,
                    "note": 81
                },
                {
                    "word": " ta",
                    "start": 12.77,
                    "end": 13.28,
                    "note": 85
                }
            ]
        },
        {
            "start": 13.32,
            "end": 16.15,
            "text": "Dù trong, dù đục, ao nhà vẫn hơn",
            "words": [
                {
                    "word": "Dù",
                    "start": 13.32,
                    "end": 13.45,
                    "note": 67
                },
                {
                    "word": " trong,",
                    "start": 13.45,
                    "end": 13.8,
                    "note": 68
                },
                {
                    "word": " dù",
                    "start": 13.8,
                    "end": 14.13,
                    "note": 73
                },
                {
                    "word": " đục,",
                    "start": 14.19,
                    "end": 14.41,
                    "note": 72
                },
                {
                    "word": " ao",
                    "start": 14.47,
                    "end": 14.77,
                    "note": 83
                },
                {
                    "word": " nhà",
                    "start": 14.77,
                    "end": 15.11,
                    "note": 78
                },
                {
                    "word": " vẫn",
                    "start": 15.11,
                    "end": 15.46,
                    "note": 71
                },
                {
                    "word": " hơn",
                    "start": 15.66,
                    "end": 16.15,
                    "note": 74
                }
            ]
        },
        {
            "start": 16.5,
            "end": 18.57,
            "text": "Tình quê son sắt keo sơn",
            "words": [
                {
                    "word": "Tình",
                    "start": 16.5,
                    "end": 16.77,
                    "note": 71
                },
                {
                    "word": " quê",
                    "start": 16.81,
                    "end": 17.09,
                    "note": 79
                },
                {
                    "word": " son",
                    "start": 17.09,
                    "end": 17.38,
                    "note": 77
                },
                {
                    "word": " sắt",
                    "start": 17.38,
                    "end": 17.63,
                    "note": 81
                },
                {
                    "word": " keo",
                    "start": 17.88,
                    "end": 18.15,
                    "note": 81
                },
                {
                    "word": " sơn",
                    "start": 18.15,
                    "end": 18.57,
                    "note": 76
                }
            ]
        },
        {
            "start": 18.57,
            "end": 20.27,
            "text": "Hương đồng gió nội, cây rơm",
            "words": [
                {
                    "word": "Hương",
                    "start": 18.57,
                    "end": 18.81,
                    "note": 70
                },
                {
                    "word": " đồng",
                    "start": 18.81,
                    "end": 19.1,
                    "note": 75
                },
                {
                    "word": " gió",
                    "start": 19.1,
                    "end": 19.41,
                    "note": 80
                },
                {
                    "word": " nội,",
                    "start": 19.41,
                    "end": 19.77,
                    "note": 75
                },
                {
                    "word": " cây",
                    "start": 19.8,
                    "end": 20.1,
                    "note": 68
                },
                {
                    "word": " rơm",
                    "start": 20.1,
                    "end": 20.27,
                    "note": 78
                }
            ]
        }
    ],
    "language": "vi"
}