{
    "text": "浪 奔 浪 流 万 里 涛 涛 江 水 永 不 休 淘 尽 了 世 间 事 混 作 滔 滔 一 片 潮 流 是 喜 是 愁 浪 里 分 不 清 欢 笑 悲 忧 成 功 失 败 浪 里 看 不 出 有 未 有 爱 你 恨 你 问 君 知 否 似 大 江 一 发 不 收 转 千 弯 转 千 滩 亦 未 平 复 此 中 争 斗 又 有 喜 又 有 愁 就 算 分 不 清 欢 笑 悲 忧 仍 愿 翻 百 千 浪 在 我 心 中 起 伏 够 爱 你 恨 你 问 君 知 否 似 大 江 一 发 不 收 转 千 弯 转 千 滩 亦 未 平 复 此 中 争 斗 又 有 喜 又 有 愁 就 算 分 不 清 欢 笑 悲 忧 仍 愿 翻 百 千 浪 在 我 心 中 起 伏 够 仍 愿 翻 百 千 浪 在 我 心 中 起 伏 够",
    "segments": [
        {
            "start": 8.25,
            "end": 20.61,
            "text": "浪 奔 浪 流",
            "words": [
                {
                    "word": "浪",
                    "start": 8.25,
                    "end": 8.34,
                    "note": 88
                },
                {
                    "word": " 奔",
                    "start": 18.85,
                    "end": 20.35,
                    "note": 70
                },
                {
                    "word": " 浪",
                    "start": 20.35,
                    "end": 20.51,
                    "note": 62
                },
                {
                    "word": " 流",
                    "start": 20.51,
                    "end": 20.61,
                    "note": 63
                }
            ]
        },
        {
            "start": 20.61,
            "end": 30.63,
            "text": "万 里 涛 涛 江 水 永 不 休",
            "words": [
                {
                    "word": "万",
                    "start": 20.61,
                    "end": 20.75,
                    "note": 62
                },
                {
                    "word": " 里",
                    "start": 20.75,
                    "end": 20.81,
                    "note": 63
                },
                {
                    "word": " 涛",
                    "start": 21.58,
                    "end": 23.44,
                    "note": 68
                },
                {
                    "word": " 涛",
                    "start": 24.13,
                    "end": 27.32,
                    "note": 69
                },
                {
                    "word": " 江",
                    "start": 27.32,
                    "end": 27.49,
                    "note": 72
                },
                {
                    "word": " 水",
                    "start": 27.49,
                    "end": 27.58,
                    "note": 60
                },
                {
                    "word": " 永",
                    "start": 27.58,
                    "end": 28.97,
                    "note": 64
                },
                {
                    "word": " 不",
                    "start": 29.52,
                    "end": 29.86,
                    "note": 66
                },
                {
                    "word": " 休",
                    "start": 29.86,
                    "end": 30.63,
                    "note": 64
                }
            ]
        },
        {
            "start": 30.63,
            "end": 33.65,
            "text": "淘 尽 了 世 间 事",
            "words": [
                {
                    "word": "淘",
                    "start": 30.63,
                    "end": 31.35,
                    "note": 59
                },
                {
                    "word": " 尽",
                    "start": 31.74,
                    "end": 32.84,
                    "note": 60
                },
                {
                    "word": " 了",
                    "start": 32.84,
                    "end": 32.93,
                    "note": 57
                },
                {
                    "word": " 世",
                    "start": 32.93,
                    "end": 32.99,
                    "note": 68
                },
                {
                    "word": " 间",
                    "start": 32.99,
                    "end": 33.48,
                    "note": 48
                },
                {
                    "word": " 事",
                    "start": 33.48,
                    "end": 33.65,
                    "note": 47
                }
            ]
        },
        {
            "start": 34.77,
            "end": 41.74,
            "text": "混 作 滔 滔 一 片 潮 流",
            "words": [
                {
                    "word": "混",
                    "start": 34.77,
                    "end": 36.16,
                    "note": 63
                },
                {
                    "word": " 作",
                    "start": 36.57,
                    "end": 36.92,
                    "note": 65
                },
                {
                    "word": " 滔",
                    "start": 36.92,
                    "end": 37.99,
                    "note": 61
                },
                {
                    "word": " 滔",
                    "start": 37.99,
                    "end": 39.07,
                    "note": 60
                },
                {
                    "word": " 一",
                    "start": 39.07,
                    "end": 39.1,
                    "note": 58
                },
                {
                    "word": " 片",
                    "start": 39.1,
                    "end": 39.39,
                    "note": 47
                },
                {
                    "word": " 潮",
                    "start": 40.09,
                    "end": 41.64,
                    "note": 64
                },
                {
                    "word": " 流",
                    "start": 41.64,
                    "end": 41.74,
                    "note": 63
                }
            ]
        },
        {
            "start": 41.74,
            "end": 43.71,
            "text": "是 喜 是 愁",
            "words": [
                {
                    "word": "是",
                    "start": 41.74,
                    "end": 42.05,
                    "note": 62
                },
                {
                    "word": " 喜",
                    "start": 42.43,
                    "end": 43.5,
                    "note": 59
                },
                {
                    "word": " 是",
                    "start": 43.5,
                    "end": 43.65,
                    "note": 59
                },
                {
                    "word": " 愁",
                    "start": 43.65,
                    "end": 43.71,
                    "note": 55
                }
            ]
        },
        {
            "start": 43.71,
            "end": 54.21,
            "text": "浪 里 分 不 清 欢 笑 悲 忧",
            "words": [
                {
                    "word": "浪",
                    "start": 43.71,
                    "end": 44.12,
                    "note": 54
                },
                {
                    "word": " 里",
                    "start": 44.12,
                    "end": 44.16,
                    "note": 56
                },
                {
                    "word": " 分",
                    "start": 44.16,
                    "end": 44.29,
                    "note": 53
                },
                {
                    "word": " 不",
                    "start": 44.29,
                    "end": 44.35,
                    "note": 57
                },
                {
                    "word": " 清",
                    "start": 44.35,
                    "end": 44.61,
                    "note": 56
                },
                {
                    "word": " 欢",
                    "start": 45.51,
                    "end": 50.02,
                    "note": 65
                },
                {
                    "word": " 笑",
                    "start": 50.73,
                    "end": 51.02,
                    "note": 64
                },
                {
                    "word": " 悲",
                    "start": 51.02,
                    "end": 52.59,
                    "note": 62
                },
                {
                    "word": " 忧",
                    "start": 53.11,
                    "end": 54.21,
                    "note": 66
                }
            ]
        },
        {
            "start": 54.21,
            "end": 68.95,
            "text": "成 功 失 败",
            "words": [
                {
                    "word": "成",
                    "start": 54.21,
                    "end": 54.98,
                    "note": 49
                },
                {
                    "word": " 功",
                    "start": 56.13,
                    "end": 60.62,
                    "note": 64
                },
                {
                    "word": " 失",
                    "start": 61.17,
                    "end": 65.92,
                    "note": 71
                },
                {
                    "word": " 败",
                    "start": 66.78,
                    "end": 68.95,
                    "note": 69
                }
            ]
        },
        {
            "start": 68.95,
            "end": 70.9,
            "text": "浪 里 看 不 出 有 未 有",
            "words": [
                {
                    "word": "浪",
                    "start": 68.95,
                    "end": 69.37,
                    "note": 53
                },
                {
                    "word": " 里",
                    "start": 69.37,
                    "end": 69.41,
                    "note": 54
                },
                {
                    "word": " 看",
                    "start": 69.41,
                    "end": 69.56,
                    "note": 64
                },
                {
                    "word": " 不",
                    "start": 69.56,
                    "end": 70.18,
                    "note": 69
                },
                {
                    "word": " 出",
                    "start": 70.18,
                    "end": 70.41,
                    "note": 62
                },
                {
                    "word": " 有",
                    "start": 70.41,
                    "end": 70.7,
                    "note": 59
                },
                {
                    "word": " 未",
                    "start": 70.7,
                    "end": 70.83,
                    "note": 63
                },
                {
                    "word": " 有",
                    "start": 70.83,
                    "end": 70.9,
                    "note": 62
                }
            ]
        },
        {
            "start": 70.9,
            "end": 72.19,
            "text": "爱 你 恨 你 问 君 知 否",
            "words": [
                {
                    "word": "爱",
                    "start": 70.9,
                    "end": 70.96,
                    "note": 64
                },
                {
                    "word": " 你",
                    "start": 70.96,
                    "end": 71.05,
                    "note": 60
                },
                {
                    "word": " 恨",
                    "start": 71.05,
                    "end": 71.14,
                    "note": 56
                },
                {
                    "word": " 你",
                    "start": 71.14,
                    "end": 71.18,
                    "note": 56
                },
                {
                    "word": " 问",
                    "start": 71.18,
                    "end": 71.28,
                    "note": 56
                },
                {
                    "word": " 君",
                    "start": 71.28,
                    "end": 71.59,
                    "note": 58
                },
                {
                    "word": " 知",
                    "start": 71.85,
                    "end": 72.06,
                    "note": 60
                },
                {
                    "word": " 否",
                    "start": 72.06,
                    "end": 72.19,
                    "note": 56
                }
            ]
        },
        {
            "start": 72.19,
            "end": 73.54,
            "text": "似 大 江 一 发 不 收",
            "words": [
                {
                    "word": "似",
                    "start": 72.19,
                    "end": 72.76,
                    "note": 57
                },
                {
                    "word": " 大",
                    "start": 72.76,
                    "end": 72.82,
                    "note": 55
                },
                {
                    "word": " 江",
                    "start": 72.82,
                    "end": 72.95,
                    "note": 58
                },
                {
                    "word": " 一",
                    "start": 72.95,
                    "end": 72.98,
                    "note": 69
                },
                {
                    "word": " 发",
                    "start": 72.98,
                    "end": 73.41,
                    "note": 77
                },
                {
                    "word": " 不",
                    "start": 73.41,
                    "end": 73.48,
                    "note": 57
                },
                {
                    "word": " 收",
                    "start": 73.48,
                    "end": 73.54,
                    "note": 59
                }
            ]
        },
        {
            "start": 73.54,
            "end": 77.74,
            "text": "转 千 弯 转 千 滩",
            "words": [
                {
                    "word": "转",
                    "start": 73.54,
                    "end": 73.82,
                    "note": 56
                },
                {
                    "word": " 千",
                    "start": 73.82,
                    "end": 74.05,
                    "note": 61
                },
                {
                    "word": " 弯",
                    "start": 74.49,
                    "end": 75.61,
                    "note": 65
                },
                {
                    "word": " 转",
                    "start": 75.61,
                    "end": 77.02,
                    "note": 77
                },
                {
                    "word": " 千",
                    "start": 77.3,
                    "end": 77.39,
                    "note": 57
                },
                {
                    "word": " 滩",
                    "start": 77.39,
                    "end": 77.74,
                    "note": 60
                }
            ]
        },
        {
            "start": 77.74,
            "end": 84,
            "text": "亦 未 平 复 此 中 争 斗",
            "words": [
                {
                    "word": "亦",
                    "start": 77.74,
                    "end": 77.86,
                    "note": 60
                },
                {
                    "word": " 未",
                    "start": 77.86,
                    "end": 78.17,
                    "note": 66
                },
                {
                    "word": " 平",
                    "start": 78.17,
                    "end": 78.97,
                    "note": 56
                },
                {
                    "word": " 复",
                    "start": 78.97,
                    "end": 79.88,
                    "note": 72
                },
                {
                    "word": " 此",
                    "start": 79.88,
                    "end": 79.94,
                    "note": 65
                },
                {
                    "word": " 中",
                    "start": 79.94,
                    "end": 80.06,
                    "note": 76
                },
                {
                    "word": " 争",
                    "start": 80.06,
                    "end": 82.3,
                    "note": 69
                },
                {
                    "word": " 斗",
                    "start": 82.9,
                    "end": 84,
                    "note": 64
                }
            ]
        },
        {
            "start": 84,
            "end": 86.02,
            "text": "又 有 喜 又 有 愁",
            "words": [
                {
                    "word": "又",
                    "start": 84,
                    "end": 84.24,
                    "note": 61
                },
                {
                    "word": " 有",
                    "start": 84.24,
                    "end": 84.4,
                    "note": 62
                },
                {
                    "word": " 喜",
                    "start": 84.4,
                    "end": 84.98,
                    "note": 61
                },
                {
                    "word": " 又",
                    "start": 85.15,
                    "end": 85.71,
                    "note": 69
                },
                {
                    "word": " 有",
                    "start": 85.71,
                    "end": 85.83,
                    "note": 67
                },
                {
                    "word": " 愁",
                    "start": 85.83,
                    "end": 86.02,
                    "note": 69
                }
            ]
        },
        {
            "start": 86.02,
            "end": 91.64,
            "text": "就 算 分 不 清 欢 笑 悲 忧",
            "words": [
                {
                    "word": "就",
                    "start": 86.02,
                    "end": 86.11,
                    "note": 63
                },
                {
                    "word": " 算",
                    "start": 86.11,
                    "end": 86.5,
                    "note": 59
                },
                {
                    "word": " 分",
                    "start": 86.5,
                    "end": 86.68,
                    "note": 57
                },
                {
                    "word": " 不",
                    "start": 86.68,
                    "end": 87.27,
                    "note": 55
                },
                {
                    "word": " 清",
                    "start": 88.09,
                    "end": 88.32,
                    "note": 61
                },
                {
                    "word": " 欢",
                    "start": 88.32,
                    "end": 88.9,
                    "note": 62
                },
                {
                    "word": " 笑",
                    "start": 88.9,
                    "end": 89.11,
                    "note": 73
                },
                {
                    "word": " 悲",
                    "start": 89.11,
                    "end": 91.03,
                    "note": 67
                },
                {
                    "word": " 忧",
                    "start": 91.03,
                    "end": 91.64,
                    "note": 58
                }
            ]
        },
        {
            "start": 91.64,
            "end": 95.27,
            "text": "仍 愿 翻 百 千 浪",
            "words": [
                {
                    "word": "仍",
                    "start": 91.64,
                    "end": 92.95,
                    "note": 62
                },
                {
                    "word": " 愿",
                    "start": 93.43,
                    "end": 94.29,
                    "note": 58
                },
                {
                    "word": " 翻",
                    "start": 94.29,
                    "end": 94.97,
                    "note": 65
                },
                {
                    "word": " 百",
                    "start": 94.97,
                    "end": 95.03,
                    "note": 59
                },
                {
                    "word": " 千",
                    "start": 95.03,
                    "end": 95.15,
                    "note": 60
                },
                {
                    "word": " 浪",
                    "start": 95.15,
                    "end": 95.27,
                    "note": 62
                }
            ]
        },
        {
            "start": 95.27,
            "end": 104.29,
            "text": "在 我 心 中 起 伏 够",
            "words": [
                {
                    "word": "在",
                    "start": 95.27,
                    "end": 95.33,
                    "note": 60
                },
                {
                    "word": " 我",
                    "start": 95.83,
                    "end": 96.3,
                    "note": 63
                },
                {
                    "word": " 心",
                    "start": 96.37,
                    "end": 96.89,
                    "note": 56
                },
                {
                    "word": " 中",
                    "start": 96.89,
                    "end": 97.83,
                    "note": 49
                },
                {
                    "word": " 起",
                    "start": 98.77,
                    "end": 98.98,
                    "note": 51
                },
                {
                    "word": " 伏",
                    "start": 98.98,
                    "end": 99.62,
                    "note": 57
                },
                {
                    "word": " 够",
                    "start": 99.62,
                    "end": 104.29,
                    "note": 58
                }
            ]
        },
        {
            "start": 111.05,
            "end": 126.09,
            "text": "爱 你 恨 你 问 君 知 否",
            "words": [
                {
                    "word": "爱",
                    "start": 111.05,
                    "end": 111.11,
                    "note": 51
                },
                {
                    "word": " 你",
                    "start": 114.6,
                    "end": 114.66,
                    "note": 50
                },
                {
                    "word": " 恨",
                    "start": 117.47,
                    "end": 118,
                    "note": 55
                },
                {
                    "word": " 你",
                    "start": 118,
                    "end": 118.04,
                    "note": 55
                },
                {
                    "word": " 问",
                    "start": 118.04,
                    "end": 119.91,
                    "note": 57
                },
                {
                    "word": " 君",
                    "start": 120.56,
                    "end": 123.5,
                    "note": 55
                },
                {
                    "word": " 知",
                    "start": 125.84,
                    "end": 125.9,
                    "note": 79
                },
                {
                    "word": " 否",
                    "start": 125.9,
                    "end": 126.09,
                    "note": 75
                }
            ]
        },
        {
            "start": 126.09,
            "end": 128.6,
            "text": "似 大 江 一 发 不 收",
            "words": [
                {
                    "word": "似",
                    "start": 126.09,
                    "end": 126.24,
                    "note": 62
                },
                {
                    "word": " 大",
                    "start": 126.24,
                    "end": 127.9,
                    "note": 77
                },
                {
                    "word": " 江",
                    "start": 127.9,
                    "end": 128.2,
                    "note": 72
                },
                {
                    "word": " 一",
                    "start": 128.2,
                    "end": 128.23,
                    "note": 62
                },
                {
                    "word": " 发",
                    "start": 128.23,
                    "end": 128.47,
                    "note": 74
                },
                {
                    "word": " 不",
                    "start": 128.47,
                    "end": 128.54,
                    "note": 65
                },
                {
                    "word": " 收",
                    "start": 128.54,
                    "end": 128.6,
                    "note": 65
                }
            ]
        },
        {
            "start": 128.95,
            "end": 140.98,
            "text": "转 千 弯 转 千 滩",
            "words": [
                {
                    "word": "转",
                    "start": 128.95,
                    "end": 129.43,
                    "note": 73
                },
                {
                    "word": " 千",
                    "start": 129.43,
                    "end": 129.99,
                    "note": 60
                },
                {
                    "word": " 弯",
                    "start": 130.75,
                    "end": 137,
                    "note": 64
                },
                {
                    "word": " 转",
                    "start": 137,
                    "end": 137.97,
                    "note": 64
                },
                {
                    "word": " 千",
                    "start": 138.51,
                    "end": 138.75,
                    "note": 80
                },
                {
                    "word": " 滩",
                    "start": 138.75,
                    "end": 140.98,
                    "note": 70
                }
            ]
        },
        {
            "start": 141.35,
            "end": 146.23,
            "text": "亦 未 平 复 此 中 争 斗",
            "words": [
                {
                    "word": "亦",
                    "start": 141.35,
                    "end": 141.63,
                    "note": 59
                },
                {
                    "word": " 未",
                    "start": 141.63,
                    "end": 142.2,
                    "note": 64
                },
                {
                    "word": " 平",
                    "start": 142.2,
                    "end": 143.06,
                    "note": 57
                },
                {
                    "word": " 复",
                    "start": 143.22,
                    "end": 143.89,
                    "note": 65
                },
                {
                    "word": " 此",
                    "start": 143.89,
                    "end": 143.95,
                    "note": 65
                },
                {
                    "word": " 中",
                    "start": 143.95,
                    "end": 144.15,
                    "note": 76
                },
                {
                    "word": " 争",
                    "start": 144.15,
                    "end": 144.31,
                    "note": 67
                },
                {
                    "word": " 斗",
                    "start": 144.31,
                    "end": 146.23,
                    "note": 69
                }
            ]
        },
        {
            "start": 146.23,
            "end": 147.28,
            "text": "又 有 喜 又 有 愁",
            "words": [
                {
                    "word": "又",
                    "start": 146.23,
                    "end": 146.61,
                    "note": 64
                },
                {
                    "word": " 有",
                    "start": 146.78,
                    "end": 146.84,
                    "note": 62
                },
                {
                    "word": " 喜",
                    "start": 146.84,
                    "end": 146.9,
                    "note": 64
                },
                {
                    "word": " 又",
                    "start": 146.9,
                    "end": 147.07,
                    "note": 69
                },
                {
                    "word": " 有",
                    "start": 147.07,
                    "end": 147.22,
                    "note": 68
                },
                {
                    "word": " 愁",
                    "start": 147.22,
                    "end": 147.28,
                    "note": 56
                }
            ]
        },
        {
            "start": 147.28,
            "end": 154.31,
            "text": "就 算 分 不 清 欢 笑 悲 忧",
            "words": [
                {
                    "word": "就",
                    "start": 147.28,
                    "end": 147.55,
                    "note": 68
                },
                {
                    "word": " 算",
                    "start": 147.55,
                    "end": 147.7,
                    "note": 68
                },
                {
                    "word": " 分",
                    "start": 147.7,
                    "end": 148.04,
                    "note": 61
                },
                {
                    "word": " 不",
                    "start": 148.04,
                    "end": 148.1,
                    "note": 63
                },
                {
                    "word": " 清",
                    "start": 148.1,
                    "end": 148.19,
                    "note": 62
                },
                {
                    "word": " 欢",
                    "start": 148.19,
                    "end": 151,
                    "note": 63
                },
                {
                    "word": " 笑",
                    "start": 152.15,
                    "end": 152.39,
                    "note": 78
                },
                {
                    "word": " 悲",
                    "start": 152.39,
                    "end": 152.95,
                    "note": 64
                },
                {
                    "word": " 忧",
                    "start": 152.95,
                    "end": 154.31,
                    "note": 70
                }
            ]
        },
        {
            "start": 154.31,
            "end": 159.04,
            "text": "仍 愿 翻 百 千 浪",
            "words": [
                {
                    "word": "仍",
                    "start": 154.31,
                    "end": 154.61,
                    "note": 60
                },
                {
                    "word": " 愿",
                    "start": 154.61,
                    "end": 156.91,
                    "note": 61
                },
                {
                    "word": " 翻",
                    "start": 157.45,
                    "end": 158.19,
                    "note": 60
                },
                {
                    "word": " 百",
                    "start": 158.19,
                    "end": 158.25,
                    "note": 56
                },
                {
                    "word": " 千",
                    "start": 158.25,
                    "end": 158.34,
                    "note": 58
                },
                {
                    "word": " 浪",
                    "start": 158.34,
                    "end": 159.04,
                    "note": 60
                }
            ]
        },
        {
            "start": 159.04,
            "end": 163.65,
            "text": "在 我 心 中 起 伏 够",
            "words": [
                {
                    "word": "在",
                    "start": 159.04,
                    "end": 159.1,
                    "note": 60
                },
                {
                    "word": " 我",
                    "start": 159.83,
                    "end": 160.41,
                    "note": 68
                },
                {
                    "word": " 心",
                    "start": 160.44,
                    "end": 160.9,
                    "note": 59
                },
                {
                    "word": " 中",
                    "start": 160.9,
                    "end": 161.61,
                    "note": 48
                },
                {
                    "word": " 起",
                    "start": 162.79,
                    "end": 162.97,
                    "note": 60
                },
                {
                    "word": " 伏",
                    "start": 162.97,
                    "end": 163.44,
                    "note": 62
                },
                {
                    "word": " 够",
                    "start": 163.44,
                    "end": 163.65,
                    "note": 59
                }
            ]
        },
        {
            "start": 163.65,
            "end": 169.99,
            "text": "仍 愿 翻 百 千 浪",
            "words": [
                {
                    "word": "仍",
                    "start": 163.65,
                    "end": 164.27,
                    "note": 54
                },
                {
                    "word": " 愿",
                    "start": 164.27,
                    "end": 167.36,
                    "note": 58
                },
                {
                    "word": " 翻",
                    "start": 168.26,
                    "end": 168.95,
                    "note": 55
                },
                {
                    "word": " 百",
                    "start": 168.95,
                    "end": 169.01,
                    "note": 56
                },
                {
                    "word": " 千",
                    "start": 169.01,
                    "end": 169.1,
                    "note": 56
                },
                {
                    "word": " 浪",
                    "start": 169.1,
                    "end": 169.99,
                    "note": 60
                }
            ]
        },
        {
            "start": 169.99,
            "end": 182.09,
            "text": "在 我 心 中 起 伏 够",
            "words": [
                {
                    "word": "在",
                    "start": 169.99,
                    "end": 170.05,
                    "note": 59
                },
                {
                    "word": " 我",
                    "start": 170.57,
                    "end": 171.11,
                    "note": 62
                },
                {
                    "word": " 心",
                    "start": 171.14,
                    "end": 171.61,
                    "note": 57
                },
                {
                    "word": " 中",
                    "start": 171.61,
                    "end": 172.39,
                    "note": 49
                },
                {
                    "word": " 起",
                    "start": 173.54,
                    "end": 173.68,
                    "note": 64
                },
                {
                    "word": " 伏",
                    "start": 173.68,
                    "end": 178.95,
                    "note": 54
                },
                {
                    "word": " 够",
                    "start": 179.69,
                    "end": 182.09,
                    "note": 56
                }
            ]
        }
    ],
    "language": "vi"
}