{
    "text": "浪 奔 浪 流 万 里 涛 涛 江 水 永 不 休 淘 尽 了 世 间 事 混 作 滔 滔 一 片 潮 流 是 喜 是 愁 浪 里 分 不 清 欢 笑 悲 忧 成 功 失 败 浪 里 看 不 出 有 未 有 爱 你 恨 你 问 君 知 否 似 大 江 一 发 不 收 转 千 弯 转 千 滩 亦 未 平 复 此 中 争 斗 又 有 喜 又 有 愁 就 算 分 不 清 欢 笑 悲 忧 仍 愿 翻 百 千 浪 在 我 心 中 起 伏 够 爱 你 恨 你 问 君 知 否 似 大 江 一 发 不 收 转 千 弯 转 千 滩 亦 未 平 复 此 中 争 斗 又 有 喜 又 有 愁 就 算 分 不 清 欢 笑 悲 忧 仍 愿 翻 百 千 浪 在 我 心 中 起 伏 够 仍 愿 翻 百 千 浪 在 我 心 中 起 伏 够",
    "segments": [
        {
            "start": 18.83,
            "end": 20.61,
            "text": "浪 奔 浪 流",
            "words": [
                {
                    "word": "浪",
                    "start": 18.83,
                    "end": 18.97,
                    "note": 50
                },
                {
                    "word": " 奔",
                    "start": 18.97,
                    "end": 19.74,
                    "note": 72
                },
                {
                    "word": " 浪",
                    "start": 19.74,
                    "end": 20.52,
                    "note": 67
                },
                {
                    "word": " 流",
                    "start": 20.52,
                    "end": 20.61,
                    "note": 63
                }
            ]
        },
        {
            "start": 20.61,
            "end": 30.75,
            "text": "万 里 涛 涛 江 水 永 不 休",
            "words": [
                {
                    "word": "万",
                    "start": 20.61,
                    "end": 20.77,
                    "note": 62
                },
                {
                    "word": " 里",
                    "start": 20.77,
                    "end": 20.83,
                    "note": 63
                },
                {
                    "word": " 涛",
                    "start": 21.61,
                    "end": 23.77,
                    "note": 67
                },
                {
                    "word": " 涛",
                    "start": 24.12,
                    "end": 26.25,
                    "note": 72
                },
                {
                    "word": " 江",
                    "start": 26.25,
                    "end": 28.73,
                    "note": 65
                },
                {
                    "word": " 水",
                    "start": 28.73,
                    "end": 28.82,
                    "note": 58
                },
                {
                    "word": " 永",
                    "start": 28.82,
                    "end": 29.1,
                    "note": 58
                },
                {
                    "word": " 不",
                    "start": 29.52,
                    "end": 29.87,
                    "note": 66
                },
                {
                    "word": " 休",
                    "start": 29.87,
                    "end": 30.75,
                    "note": 64
                }
            ]
        },
        {
            "start": 30.75,
            "end": 33.58,
            "text": "淘 尽 了 世 间 事",
            "words": [
                {
                    "word": "淘",
                    "start": 30.75,
                    "end": 30.81,
                    "note": 58
                },
                {
                    "word": " 尽",
                    "start": 30.81,
                    "end": 31.32,
                    "note": 59
                },
                {
                    "word": " 了",
                    "start": 31.32,
                    "end": 31.41,
                    "note": 60
                },
                {
                    "word": " 世",
                    "start": 31.73,
                    "end": 31.98,
                    "note": 53
                },
                {
                    "word": " 间",
                    "start": 31.98,
                    "end": 33.43,
                    "note": 58
                },
                {
                    "word": " 事",
                    "start": 33.43,
                    "end": 33.58,
                    "note": 48
                }
            ]
        },
        {
            "start": 34.71,
            "end": 39.36,
            "text": "混 作 滔 滔 一 片 潮 流",
            "words": [
                {
                    "word": "混",
                    "start": 34.71,
                    "end": 35.25,
                    "note": 67
                },
                {
                    "word": " 作",
                    "start": 35.25,
                    "end": 35.49,
                    "note": 62
                },
                {
                    "word": " 滔",
                    "start": 35.49,
                    "end": 36.16,
                    "note": 62
                },
                {
                    "word": " 滔",
                    "start": 36.58,
                    "end": 37.72,
                    "note": 63
                },
                {
                    "word": " 一",
                    "start": 37.72,
                    "end": 38.99,
                    "note": 61
                },
                {
                    "word": " 片",
                    "start": 38.99,
                    "end": 39.12,
                    "note": 50
                },
                {
                    "word": " 潮",
                    "start": 39.12,
                    "end": 39.18,
                    "note": 44
                },
                {
                    "word": " 流",
                    "start": 39.18,
                    "end": 39.36,
                    "note": 48
                }
            ]
        },
        {
            "start": 40.06,
            "end": 42.75,
            "text": "是 喜 是 愁",
            "words": [
                {
                    "word": "是",
                    "start": 40.06,
                    "end": 40.37,
                    "note": 67
                },
                {
                    "word": " 喜",
                    "start": 40.37,
                    "end": 42.01,
                    "note": 63
                },
                {
                    "word": " 是",
                    "start": 42.44,
                    "end": 42.69,
                    "note": 62
                },
                {
                    "word": " 愁",
                    "start": 42.69,
                    "end": 42.75,
                    "note": 61
                }
            ]
        },
        {
            "start": 42.75,
            "end": 52.3,
            "text": "浪 里 分 不 清 欢 笑 悲 忧",
            "words": [
                {
                    "word": "浪",
                    "start": 42.75,
                    "end": 42.84,
                    "note": 62
                },
                {
                    "word": " 里",
                    "start": 42.84,
                    "end": 43.5,
                    "note": 58
                },
                {
                    "word": " 分",
                    "start": 43.5,
                    "end": 44.38,
                    "note": 55
                },
                {
                    "word": " 不",
                    "start": 45.5,
                    "end": 45.56,
                    "note": 55
                },
                {
                    "word": " 清",
                    "start": 45.56,
                    "end": 47.46,
                    "note": 70
                },
                {
                    "word": " 欢",
                    "start": 47.46,
                    "end": 48.95,
                    "note": 61
                },
                {
                    "word": " 笑",
                    "start": 48.95,
                    "end": 49.29,
                    "note": 75
                },
                {
                    "word": " 悲",
                    "start": 49.29,
                    "end": 50.02,
                    "note": 56
                },
                {
                    "word": " 忧",
                    "start": 50.76,
                    "end": 52.3,
                    "note": 63
                }
            ]
        },
        {
            "start": 52.3,
            "end": 57.43,
            "text": "成 功 失 败",
            "words": [
                {
                    "word": "成",
                    "start": 52.3,
                    "end": 52.61,
                    "note": 59
                },
                {
                    "word": " 功",
                    "start": 53.1,
                    "end": 54.83,
                    "note": 61
                },
                {
                    "word": " 失",
                    "start": 56.13,
                    "end": 57.37,
                    "note": 63
                },
                {
                    "word": " 败",
                    "start": 57.37,
                    "end": 57.43,
                    "note": 54
                }
            ]
        },
        {
            "start": 57.43,
            "end": 60.17,
            "text": "浪 里 看 不 出 有 未 有",
            "words": [
                {
                    "word": "浪",
                    "start": 57.43,
                    "end": 57.61,
                    "note": 55
                },
                {
                    "word": " 里",
                    "start": 57.61,
                    "end": 57.69,
                    "note": 57
                },
                {
                    "word": " 看",
                    "start": 57.69,
                    "end": 57.85,
                    "note": 57
                },
                {
                    "word": " 不",
                    "start": 57.85,
                    "end": 57.98,
                    "note": 61
                },
                {
                    "word": " 出",
                    "start": 57.98,
                    "end": 58.59,
                    "note": 67
                },
                {
                    "word": " 有",
                    "start": 58.59,
                    "end": 58.86,
                    "note": 69
                },
                {
                    "word": " 未",
                    "start": 58.86,
                    "end": 59.61,
                    "note": 62
                },
                {
                    "word": " 有",
                    "start": 59.61,
                    "end": 60.17,
                    "note": 70
                }
            ]
        },
        {
            "start": 60.17,
            "end": 70.18,
            "text": "爱 你 恨 你 问 君 知 否",
            "words": [
                {
                    "word": "爱",
                    "start": 60.17,
                    "end": 60.23,
                    "note": 52
                },
                {
                    "word": " 你",
                    "start": 60.23,
                    "end": 60.37,
                    "note": 57
                },
                {
                    "word": " 恨",
                    "start": 60.37,
                    "end": 60.49,
                    "note": 57
                },
                {
                    "word": " 你",
                    "start": 60.49,
                    "end": 60.57,
                    "note": 64
                },
                {
                    "word": " 问",
                    "start": 61.15,
                    "end": 61.31,
                    "note": 68
                },
                {
                    "word": " 君",
                    "start": 61.31,
                    "end": 65.92,
                    "note": 71
                },
                {
                    "word": " 知",
                    "start": 66.78,
                    "end": 69.44,
                    "note": 66
                },
                {
                    "word": " 否",
                    "start": 69.44,
                    "end": 70.18,
                    "note": 69
                }
            ]
        },
        {
            "start": 70.18,
            "end": 73.59,
            "text": "似 大 江 一 发 不 收",
            "words": [
                {
                    "word": "似",
                    "start": 70.18,
                    "end": 70.35,
                    "note": 65
                },
                {
                    "word": " 大",
                    "start": 70.35,
                    "end": 70.41,
                    "note": 57
                },
                {
                    "word": " 江",
                    "start": 70.41,
                    "end": 71.34,
                    "note": 60
                },
                {
                    "word": " 一",
                    "start": 71.86,
                    "end": 72.89,
                    "note": 57
                },
                {
                    "word": " 发",
                    "start": 72.89,
                    "end": 72.95,
                    "note": 61
                },
                {
                    "word": " 不",
                    "start": 72.95,
                    "end": 73.01,
                    "note": 69
                },
                {
                    "word": " 收",
                    "start": 73.01,
                    "end": 73.59,
                    "note": 74
                }
            ]
        },
        {
            "start": 73.59,
            "end": 77.74,
            "text": "转 千 弯 转 千 滩",
            "words": [
                {
                    "word": "转",
                    "start": 73.59,
                    "end": 74.05,
                    "note": 59
                },
                {
                    "word": " 千",
                    "start": 74.49,
                    "end": 75.36,
                    "note": 66
                },
                {
                    "word": " 弯",
                    "start": 75.36,
                    "end": 75.61,
                    "note": 64
                },
                {
                    "word": " 转",
                    "start": 75.61,
                    "end": 75.88,
                    "note": 76
                },
                {
                    "word": " 千",
                    "start": 75.88,
                    "end": 77.22,
                    "note": 75
                },
                {
                    "word": " 滩",
                    "start": 77.22,
                    "end": 77.74,
                    "note": 60
                }
            ]
        },
        {
            "start": 77.74,
            "end": 82.28,
            "text": "亦 未 平 复 此 中 争 斗",
            "words": [
                {
                    "word": "亦",
                    "start": 77.74,
                    "end": 77.86,
                    "note": 60
                },
                {
                    "word": " 未",
                    "start": 77.86,
                    "end": 78.41,
                    "note": 63
                },
                {
                    "word": " 平",
                    "start": 78.41,
                    "end": 78.7,
                    "note": 54
                },
                {
                    "word": " 复",
                    "start": 78.7,
                    "end": 79.47,
                    "note": 71
                },
                {
                    "word": " 此",
                    "start": 79.47,
                    "end": 79.64,
                    "note": 68
                },
                {
                    "word": " 中",
                    "start": 79.64,
                    "end": 80.8,
                    "note": 69
                },
                {
                    "word": " 争",
                    "start": 80.8,
                    "end": 82.22,
                    "note": 69
                },
                {
                    "word": " 斗",
                    "start": 82.22,
                    "end": 82.28,
                    "note": 62
                }
            ]
        },
        {
            "start": 82.88,
            "end": 86.04,
            "text": "又 有 喜 又 有 愁",
            "words": [
                {
                    "word": "又",
                    "start": 82.88,
                    "end": 83.27,
                    "note": 63
                },
                {
                    "word": " 有",
                    "start": 83.27,
                    "end": 83.42,
                    "note": 67
                },
                {
                    "word": " 喜",
                    "start": 83.42,
                    "end": 84.74,
                    "note": 63
                },
                {
                    "word": " 又",
                    "start": 85.15,
                    "end": 85.82,
                    "note": 69
                },
                {
                    "word": " 有",
                    "start": 85.82,
                    "end": 85.98,
                    "note": 70
                },
                {
                    "word": " 愁",
                    "start": 85.98,
                    "end": 86.04,
                    "note": 70
                }
            ]
        },
        {
            "start": 86.04,
            "end": 91.65,
            "text": "就 算 分 不 清 欢 笑 悲 忧",
            "words": [
                {
                    "word": "就",
                    "start": 86.04,
                    "end": 86.11,
                    "note": 61
                },
                {
                    "word": " 算",
                    "start": 86.11,
                    "end": 86.4,
                    "note": 60
                },
                {
                    "word": " 分",
                    "start": 86.4,
                    "end": 86.66,
                    "note": 56
                },
                {
                    "word": " 不",
                    "start": 86.66,
                    "end": 86.87,
                    "note": 55
                },
                {
                    "word": " 清",
                    "start": 86.87,
                    "end": 87.26,
                    "note": 55
                },
                {
                    "word": " 欢",
                    "start": 88.1,
                    "end": 88.84,
                    "note": 62
                },
                {
                    "word": " 笑",
                    "start": 88.84,
                    "end": 89.11,
                    "note": 72
                },
                {
                    "word": " 悲",
                    "start": 89.11,
                    "end": 90.88,
                    "note": 68
                },
                {
                    "word": " 忧",
                    "start": 90.88,
                    "end": 91.65,
                    "note": 57
                }
            ]
        },
        {
            "start": 91.65,
            "end": 95.27,
            "text": "仍 愿 翻 百 千 浪",
            "words": [
                {
                    "word": "仍",
                    "start": 91.65,
                    "end": 92.95,
                    "note": 62
                },
                {
                    "word": " 愿",
                    "start": 93.42,
                    "end": 93.58,
                    "note": 64
                },
                {
                    "word": " 翻",
                    "start": 93.58,
                    "end": 94.28,
                    "note": 56
                },
                {
                    "word": " 百",
                    "start": 94.28,
                    "end": 94.37,
                    "note": 69
                },
                {
                    "word": " 千",
                    "start": 94.37,
                    "end": 94.53,
                    "note": 71
                },
                {
                    "word": " 浪",
                    "start": 94.53,
                    "end": 95.27,
                    "note": 59
                }
            ]
        },
        {
            "start": 95.27,
            "end": 103.59,
            "text": "在 我 心 中 起 伏 够",
            "words": [
                {
                    "word": "在",
                    "start": 95.27,
                    "end": 95.33,
                    "note": 61
                },
                {
                    "word": " 我",
                    "start": 95.84,
                    "end": 96.35,
                    "note": 63
                },
                {
                    "word": " 心",
                    "start": 96.38,
                    "end": 97.73,
                    "note": 51
                },
                {
                    "word": " 中",
                    "start": 98.8,
                    "end": 99.63,
                    "note": 56
                },
                {
                    "word": " 起",
                    "start": 99.63,
                    "end": 99.7,
                    "note": 54
                },
                {
                    "word": " 伏",
                    "start": 99.7,
                    "end": 103.52,
                    "note": 58
                },
                {
                    "word": " 够",
                    "start": 103.52,
                    "end": 103.59,
                    "note": 64
                }
            ]
        },
        {
            "start": 103.59,
            "end": 134.21,
            "text": "爱 你 恨 你 问 君 知 否",
            "words": [
                {
                    "word": "爱",
                    "start": 103.59,
                    "end": 103.65,
                    "note": 61
                },
                {
                    "word": " 你",
                    "start": 103.65,
                    "end": 103.74,
                    "note": 60
                },
                {
                    "word": " 恨",
                    "start": 103.74,
                    "end": 104.28,
                    "note": 54
                },
                {
                    "word": " 你",
                    "start": 117.44,
                    "end": 117.55,
                    "note": 53
                },
                {
                    "word": " 问",
                    "start": 117.55,
                    "end": 123.47,
                    "note": 58
                },
                {
                    "word": " 君",
                    "start": 125.14,
                    "end": 129.87,
                    "note": 72
                },
                {
                    "word": " 知",
                    "start": 130.75,
                    "end": 134.12,
                    "note": 66
                },
                {
                    "word": " 否",
                    "start": 134.12,
                    "end": 134.21,
                    "note": 55
                }
            ]
        },
        {
            "start": 134.21,
            "end": 138.96,
            "text": "似 大 江 一 发 不 收",
            "words": [
                {
                    "word": "似",
                    "start": 134.21,
                    "end": 134.42,
                    "note": 57
                },
                {
                    "word": " 大",
                    "start": 134.42,
                    "end": 134.52,
                    "note": 57
                },
                {
                    "word": " 江",
                    "start": 134.52,
                    "end": 136.34,
                    "note": 59
                },
                {
                    "word": " 一",
                    "start": 136.34,
                    "end": 137.55,
                    "note": 63
                },
                {
                    "word": " 发",
                    "start": 137.55,
                    "end": 137.61,
                    "note": 59
                },
                {
                    "word": " 不",
                    "start": 137.61,
                    "end": 137.67,
                    "note": 54
                },
                {
                    "word": " 收",
                    "start": 138.52,
                    "end": 138.96,
                    "note": 71
                }
            ]
        },
        {
            "start": 138.96,
            "end": 141.76,
            "text": "转 千 弯 转 千 滩",
            "words": [
                {
                    "word": "转",
                    "start": 138.96,
                    "end": 139.11,
                    "note": 65
                },
                {
                    "word": " 千",
                    "start": 139.11,
                    "end": 139.39,
                    "note": 65
                },
                {
                    "word": " 弯",
                    "start": 139.39,
                    "end": 139.61,
                    "note": 63
                },
                {
                    "word": " 转",
                    "start": 139.61,
                    "end": 139.99,
                    "note": 75
                },
                {
                    "word": " 千",
                    "start": 139.99,
                    "end": 140.99,
                    "note": 71
                },
                {
                    "word": " 滩",
                    "start": 141.36,
                    "end": 141.76,
                    "note": 60
                }
            ]
        },
        {
            "start": 141.76,
            "end": 146.16,
            "text": "亦 未 平 复 此 中 争 斗",
            "words": [
                {
                    "word": "亦",
                    "start": 141.76,
                    "end": 141.85,
                    "note": 57
                },
                {
                    "word": " 未",
                    "start": 141.85,
                    "end": 142.67,
                    "note": 63
                },
                {
                    "word": " 平",
                    "start": 142.67,
                    "end": 142.94,
                    "note": 54
                },
                {
                    "word": " 复",
                    "start": 143.2,
                    "end": 143.46,
                    "note": 65
                },
                {
                    "word": " 此",
                    "start": 143.49,
                    "end": 143.64,
                    "note": 65
                },
                {
                    "word": " 中",
                    "start": 143.64,
                    "end": 144.3,
                    "note": 70
                },
                {
                    "word": " 争",
                    "start": 144.3,
                    "end": 144.96,
                    "note": 67
                },
                {
                    "word": " 斗",
                    "start": 144.96,
                    "end": 146.16,
                    "note": 71
                }
            ]
        },
        {
            "start": 146.16,
            "end": 147.61,
            "text": "又 有 喜 又 有 愁",
            "words": [
                {
                    "word": "又",
                    "start": 146.16,
                    "end": 146.23,
                    "note": 67
                },
                {
                    "word": " 有",
                    "start": 146.23,
                    "end": 146.29,
                    "note": 59
                },
                {
                    "word": " 喜",
                    "start": 146.29,
                    "end": 146.59,
                    "note": 65
                },
                {
                    "word": " 又",
                    "start": 146.79,
                    "end": 147.23,
                    "note": 67
                },
                {
                    "word": " 有",
                    "start": 147.23,
                    "end": 147.55,
                    "note": 66
                },
                {
                    "word": " 愁",
                    "start": 147.55,
                    "end": 147.61,
                    "note": 70
                }
            ]
        },
        {
            "start": 147.61,
            "end": 155.36,
            "text": "就 算 分 不 清 欢 笑 悲 忧",
            "words": [
                {
                    "word": "就",
                    "start": 147.61,
                    "end": 147.69,
                    "note": 67
                },
                {
                    "word": " 算",
                    "start": 147.69,
                    "end": 148.03,
                    "note": 61
                },
                {
                    "word": " 分",
                    "start": 148.03,
                    "end": 150.83,
                    "note": 63
                },
                {
                    "word": " 不",
                    "start": 150.83,
                    "end": 150.9,
                    "note": 55
                },
                {
                    "word": " 清",
                    "start": 150.9,
                    "end": 150.99,
                    "note": 56
                },
                {
                    "word": " 欢",
                    "start": 152.16,
                    "end": 152.93,
                    "note": 69
                },
                {
                    "word": " 笑",
                    "start": 152.93,
                    "end": 153.15,
                    "note": 70
                },
                {
                    "word": " 悲",
                    "start": 153.15,
                    "end": 154.13,
                    "note": 72
                },
                {
                    "word": " 忧",
                    "start": 154.13,
                    "end": 155.36,
                    "note": 62
                }
            ]
        },
        {
            "start": 155.36,
            "end": 159.27,
            "text": "仍 愿 翻 百 千 浪",
            "words": [
                {
                    "word": "仍",
                    "start": 155.36,
                    "end": 155.57,
                    "note": 66
                },
                {
                    "word": " 愿",
                    "start": 155.57,
                    "end": 155.69,
                    "note": 64
                },
                {
                    "word": " 翻",
                    "start": 155.69,
                    "end": 156.63,
                    "note": 59
                },
                {
                    "word": " 百",
                    "start": 156.63,
                    "end": 156.72,
                    "note": 56
                },
                {
                    "word": " 千",
                    "start": 157.45,
                    "end": 158.32,
                    "note": 59
                },
                {
                    "word": " 浪",
                    "start": 158.32,
                    "end": 159.27,
                    "note": 60
                }
            ]
        },
        {
            "start": 159.27,
            "end": 163.7,
            "text": "在 我 心 中 起 伏 够",
            "words": [
                {
                    "word": "在",
                    "start": 159.27,
                    "end": 159.33,
                    "note": 60
                },
                {
                    "word": " 我",
                    "start": 159.84,
                    "end": 160.41,
                    "note": 68
                },
                {
                    "word": " 心",
                    "start": 160.44,
                    "end": 160.93,
                    "note": 58
                },
                {
                    "word": " 中",
                    "start": 160.93,
                    "end": 161.51,
                    "note": 49
                },
                {
                    "word": " 起",
                    "start": 162.8,
                    "end": 162.97,
                    "note": 55
                },
                {
                    "word": " 伏",
                    "start": 162.97,
                    "end": 163.64,
                    "note": 61
                },
                {
                    "word": " 够",
                    "start": 163.64,
                    "end": 163.7,
                    "note": 55
                }
            ]
        },
        {
            "start": 163.7,
            "end": 170,
            "text": "仍 愿 翻 百 千 浪",
            "words": [
                {
                    "word": "仍",
                    "start": 163.7,
                    "end": 164.08,
                    "note": 55
                },
                {
                    "word": " 愿",
                    "start": 164.08,
                    "end": 164.25,
                    "note": 53
                },
                {
                    "word": " 翻",
                    "start": 164.5,
                    "end": 167.32,
                    "note": 58
                },
                {
                    "word": " 百",
                    "start": 167.32,
                    "end": 167.44,
                    "note": 52
                },
                {
                    "word": " 千",
                    "start": 168.28,
                    "end": 169.11,
                    "note": 55
                },
                {
                    "word": " 浪",
                    "start": 169.11,
                    "end": 170,
                    "note": 60
                }
            ]
        },
        {
            "start": 170,
            "end": 190.25,
            "text": "在 我 心 中 起 伏 够",
            "words": [
                {
                    "word": "在",
                    "start": 170,
                    "end": 170.06,
                    "note": 59
                },
                {
                    "word": " 我",
                    "start": 170.58,
                    "end": 171.11,
                    "note": 61
                },
                {
                    "word": " 心",
                    "start": 171.14,
                    "end": 172.32,
                    "note": 52
                },
                {
                    "word": " 中",
                    "start": 173.56,
                    "end": 178.88,
                    "note": 55
                },
                {
                    "word": " 起",
                    "start": 178.88,
                    "end": 178.94,
                    "note": 48
                },
                {
                    "word": " 伏",
                    "start": 179.69,
                    "end": 182.09,
                    "note": 56
                },
                {
                    "word": " 够",
                    "start": 190.21,
                    "end": 190.25,
                    "note": -1
                }
            ]
        }
    ],
    "language": "vi"
}