{
    "text": "浪 奔 浪 流 万 里 涛 涛 江 水 永 不 休 淘 尽 了 世 间 事 混 作 滔 滔 一 片 潮 流 是 喜 是 愁 浪 里 分 不 清 欢 笑 悲 忧 成 功 失 败 浪 里 看 不 出 有 未 有 爱 你 恨 你 问 君 知 否 似 大 江 一 发 不 收 转 千 弯 转 千 滩 亦 未 平 复 此 中 争 斗 又 有 喜 又 有 愁 就 算 分 不 清 欢 笑 悲 忧 仍 愿 翻 百 千 浪 在 我 心 中 起 伏 够 爱 你 恨 你 问 君 知 否 似 大 江 一 发 不 收 转 千 弯 转 千 滩 亦 未 平 复 此 中 争 斗 又 有 喜 又 有 愁 就 算 分 不 清 欢 笑 悲 忧 仍 愿 翻 百 千 浪 在 我 心 中 起 伏 够 仍 愿 翻 百 千 浪 在 我 心 中 起 伏 够",
    "segments": [
        {
            "start": 18.81,
            "end": 20.61,
            "text": "浪 奔 浪 流",
            "words": [
                {
                    "word": "浪",
                    "start": 18.81,
                    "end": 18.96,
                    "note": 51
                },
                {
                    "word": " 奔",
                    "start": 18.96,
                    "end": 20.23,
                    "note": 71
                },
                {
                    "word": " 浪",
                    "start": 20.23,
                    "end": 20.52,
                    "note": 62
                },
                {
                    "word": " 流",
                    "start": 20.52,
                    "end": 20.61,
                    "note": 63
                }
            ]
        },
        {
            "start": 20.61,
            "end": 30.75,
            "text": "万 里 涛 涛 江 水 永 不 休",
            "words": [
                {
                    "word": "万",
                    "start": 20.61,
                    "end": 20.76,
                    "note": 62
                },
                {
                    "word": " 里",
                    "start": 20.76,
                    "end": 20.82,
                    "note": 63
                },
                {
                    "word": " 涛",
                    "start": 21.62,
                    "end": 23.45,
                    "note": 69
                },
                {
                    "word": " 涛",
                    "start": 24.12,
                    "end": 26.58,
                    "note": 72
                },
                {
                    "word": " 江",
                    "start": 26.58,
                    "end": 28.74,
                    "note": 64
                },
                {
                    "word": " 水",
                    "start": 28.74,
                    "end": 28.83,
                    "note": 58
                },
                {
                    "word": " 永",
                    "start": 28.83,
                    "end": 28.97,
                    "note": 57
                },
                {
                    "word": " 不",
                    "start": 29.52,
                    "end": 29.87,
                    "note": 66
                },
                {
                    "word": " 休",
                    "start": 29.87,
                    "end": 30.75,
                    "note": 64
                }
            ]
        },
        {
            "start": 30.75,
            "end": 33.55,
            "text": "淘 尽 了 世 间 事",
            "words": [
                {
                    "word": "淘",
                    "start": 30.75,
                    "end": 30.81,
                    "note": 58
                },
                {
                    "word": " 尽",
                    "start": 30.81,
                    "end": 31.32,
                    "note": 60
                },
                {
                    "word": " 了",
                    "start": 31.32,
                    "end": 31.41,
                    "note": 60
                },
                {
                    "word": " 世",
                    "start": 31.73,
                    "end": 31.98,
                    "note": 54
                },
                {
                    "word": " 间",
                    "start": 31.98,
                    "end": 33.43,
                    "note": 58
                },
                {
                    "word": " 事",
                    "start": 33.43,
                    "end": 33.55,
                    "note": 49
                }
            ]
        },
        {
            "start": 34.71,
            "end": 42.26,
            "text": "混 作 滔 滔 一 片 潮 流",
            "words": [
                {
                    "word": "混",
                    "start": 34.71,
                    "end": 35.25,
                    "note": 67
                },
                {
                    "word": " 作",
                    "start": 35.25,
                    "end": 35.53,
                    "note": 63
                },
                {
                    "word": " 滔",
                    "start": 35.53,
                    "end": 36.16,
                    "note": 61
                },
                {
                    "word": " 滔",
                    "start": 36.58,
                    "end": 39.39,
                    "note": 60
                },
                {
                    "word": " 一",
                    "start": 40.09,
                    "end": 41.97,
                    "note": 64
                },
                {
                    "word": " 片",
                    "start": 41.97,
                    "end": 42.1,
                    "note": 61
                },
                {
                    "word": " 潮",
                    "start": 42.1,
                    "end": 42.16,
                    "note": 62
                },
                {
                    "word": " 流",
                    "start": 42.16,
                    "end": 42.26,
                    "note": 62
                }
            ]
        },
        {
            "start": 42.45,
            "end": 43.71,
            "text": "是 喜 是 愁",
            "words": [
                {
                    "word": "是",
                    "start": 42.45,
                    "end": 42.7,
                    "note": 62
                },
                {
                    "word": " 喜",
                    "start": 42.7,
                    "end": 43.5,
                    "note": 59
                },
                {
                    "word": " 是",
                    "start": 43.5,
                    "end": 43.65,
                    "note": 59
                },
                {
                    "word": " 愁",
                    "start": 43.65,
                    "end": 43.71,
                    "note": 55
                }
            ]
        },
        {
            "start": 43.71,
            "end": 52.3,
            "text": "浪 里 分 不 清 欢 笑 悲 忧",
            "words": [
                {
                    "word": "浪",
                    "start": 43.71,
                    "end": 44.33,
                    "note": 54
                },
                {
                    "word": " 里",
                    "start": 44.33,
                    "end": 44.41,
                    "note": 55
                },
                {
                    "word": " 分",
                    "start": 45.53,
                    "end": 47.63,
                    "note": 69
                },
                {
                    "word": " 不",
                    "start": 47.63,
                    "end": 47.7,
                    "note": 61
                },
                {
                    "word": " 清",
                    "start": 47.7,
                    "end": 48.5,
                    "note": 59
                },
                {
                    "word": " 欢",
                    "start": 48.5,
                    "end": 48.95,
                    "note": 62
                },
                {
                    "word": " 笑",
                    "start": 48.95,
                    "end": 49.29,
                    "note": 74
                },
                {
                    "word": " 悲",
                    "start": 49.29,
                    "end": 50.02,
                    "note": 56
                },
                {
                    "word": " 忧",
                    "start": 50.75,
                    "end": 52.3,
                    "note": 63
                }
            ]
        },
        {
            "start": 52.3,
            "end": 57.43,
            "text": "成 功 失 败",
            "words": [
                {
                    "word": "成",
                    "start": 52.3,
                    "end": 52.61,
                    "note": 59
                },
                {
                    "word": " 功",
                    "start": 53.1,
                    "end": 54.83,
                    "note": 61
                },
                {
                    "word": " 失",
                    "start": 56.13,
                    "end": 57.37,
                    "note": 63
                },
                {
                    "word": " 败",
                    "start": 57.37,
                    "end": 57.43,
                    "note": 54
                }
            ]
        },
        {
            "start": 57.43,
            "end": 60.17,
            "text": "浪 里 看 不 出 有 未 有",
            "words": [
                {
                    "word": "浪",
                    "start": 57.43,
                    "end": 57.6,
                    "note": 55
                },
                {
                    "word": " 里",
                    "start": 57.6,
                    "end": 57.66,
                    "note": 56
                },
                {
                    "word": " 看",
                    "start": 57.66,
                    "end": 57.85,
                    "note": 57
                },
                {
                    "word": " 不",
                    "start": 57.85,
                    "end": 57.98,
                    "note": 61
                },
                {
                    "word": " 出",
                    "start": 57.98,
                    "end": 58.58,
                    "note": 66
                },
                {
                    "word": " 有",
                    "start": 58.58,
                    "end": 58.86,
                    "note": 69
                },
                {
                    "word": " 未",
                    "start": 58.86,
                    "end": 59.61,
                    "note": 62
                },
                {
                    "word": " 有",
                    "start": 59.61,
                    "end": 60.17,
                    "note": 70
                }
            ]
        },
        {
            "start": 60.17,
            "end": 70.18,
            "text": "爱 你 恨 你 问 君 知 否",
            "words": [
                {
                    "word": "爱",
                    "start": 60.17,
                    "end": 60.23,
                    "note": 55
                },
                {
                    "word": " 你",
                    "start": 60.23,
                    "end": 60.36,
                    "note": 57
                },
                {
                    "word": " 恨",
                    "start": 60.36,
                    "end": 60.61,
                    "note": 63
                },
                {
                    "word": " 你",
                    "start": 61.16,
                    "end": 61.22,
                    "note": 62
                },
                {
                    "word": " 问",
                    "start": 61.22,
                    "end": 61.31,
                    "note": 68
                },
                {
                    "word": " 君",
                    "start": 61.31,
                    "end": 65.94,
                    "note": 71
                },
                {
                    "word": " 知",
                    "start": 66.78,
                    "end": 70.07,
                    "note": 67
                },
                {
                    "word": " 否",
                    "start": 70.07,
                    "end": 70.18,
                    "note": 62
                }
            ]
        },
        {
            "start": 70.18,
            "end": 73.59,
            "text": "似 大 江 一 发 不 收",
            "words": [
                {
                    "word": "似",
                    "start": 70.18,
                    "end": 70.35,
                    "note": 65
                },
                {
                    "word": " 大",
                    "start": 70.35,
                    "end": 70.41,
                    "note": 57
                },
                {
                    "word": " 江",
                    "start": 70.41,
                    "end": 71.34,
                    "note": 60
                },
                {
                    "word": " 一",
                    "start": 71.86,
                    "end": 72.89,
                    "note": 57
                },
                {
                    "word": " 发",
                    "start": 72.89,
                    "end": 72.95,
                    "note": 61
                },
                {
                    "word": " 不",
                    "start": 72.95,
                    "end": 73.01,
                    "note": 69
                },
                {
                    "word": " 收",
                    "start": 73.01,
                    "end": 73.59,
                    "note": 74
                }
            ]
        },
        {
            "start": 73.59,
            "end": 77.74,
            "text": "转 千 弯 转 千 滩",
            "words": [
                {
                    "word": "转",
                    "start": 73.59,
                    "end": 74.05,
                    "note": 59
                },
                {
                    "word": " 千",
                    "start": 74.49,
                    "end": 75.36,
                    "note": 66
                },
                {
                    "word": " 弯",
                    "start": 75.36,
                    "end": 75.61,
                    "note": 64
                },
                {
                    "word": " 转",
                    "start": 75.61,
                    "end": 76.9,
                    "note": 77
                },
                {
                    "word": " 千",
                    "start": 76.9,
                    "end": 77.22,
                    "note": 62
                },
                {
                    "word": " 滩",
                    "start": 77.22,
                    "end": 77.74,
                    "note": 60
                }
            ]
        },
        {
            "start": 77.74,
            "end": 81.78,
            "text": "亦 未 平 复 此 中 争 斗",
            "words": [
                {
                    "word": "亦",
                    "start": 77.74,
                    "end": 77.86,
                    "note": 60
                },
                {
                    "word": " 未",
                    "start": 77.86,
                    "end": 78.17,
                    "note": 66
                },
                {
                    "word": " 平",
                    "start": 78.17,
                    "end": 78.7,
                    "note": 56
                },
                {
                    "word": " 复",
                    "start": 78.7,
                    "end": 79.47,
                    "note": 71
                },
                {
                    "word": " 此",
                    "start": 79.47,
                    "end": 79.64,
                    "note": 68
                },
                {
                    "word": " 中",
                    "start": 79.64,
                    "end": 80.26,
                    "note": 69
                },
                {
                    "word": " 争",
                    "start": 80.26,
                    "end": 80.96,
                    "note": 67
                },
                {
                    "word": " 斗",
                    "start": 80.96,
                    "end": 81.78,
                    "note": 73
                }
            ]
        },
        {
            "start": 81.78,
            "end": 83.57,
            "text": "又 有 喜 又 有 愁",
            "words": [
                {
                    "word": "又",
                    "start": 81.78,
                    "end": 82.01,
                    "note": 64
                },
                {
                    "word": " 有",
                    "start": 82.01,
                    "end": 82.29,
                    "note": 59
                },
                {
                    "word": " 喜",
                    "start": 82.89,
                    "end": 82.97,
                    "note": 57
                },
                {
                    "word": " 又",
                    "start": 82.97,
                    "end": 83.27,
                    "note": 64
                },
                {
                    "word": " 有",
                    "start": 83.27,
                    "end": 83.43,
                    "note": 68
                },
                {
                    "word": " 愁",
                    "start": 83.43,
                    "end": 83.57,
                    "note": 68
                }
            ]
        },
        {
            "start": 83.57,
            "end": 91.65,
            "text": "就 算 分 不 清 欢 笑 悲 忧",
            "words": [
                {
                    "word": "就",
                    "start": 83.57,
                    "end": 83.66,
                    "note": 66
                },
                {
                    "word": " 算",
                    "start": 83.66,
                    "end": 83.78,
                    "note": 64
                },
                {
                    "word": " 分",
                    "start": 83.78,
                    "end": 84.74,
                    "note": 61
                },
                {
                    "word": " 不",
                    "start": 85.16,
                    "end": 85.22,
                    "note": 62
                },
                {
                    "word": " 清",
                    "start": 85.22,
                    "end": 86.12,
                    "note": 69
                },
                {
                    "word": " 欢",
                    "start": 86.12,
                    "end": 87.26,
                    "note": 57
                },
                {
                    "word": " 笑",
                    "start": 88.08,
                    "end": 88.49,
                    "note": 66
                },
                {
                    "word": " 悲",
                    "start": 88.49,
                    "end": 90.85,
                    "note": 68
                },
                {
                    "word": " 忧",
                    "start": 90.85,
                    "end": 91.65,
                    "note": 56
                }
            ]
        },
        {
            "start": 91.65,
            "end": 95.18,
            "text": "仍 愿 翻 百 千 浪",
            "words": [
                {
                    "word": "仍",
                    "start": 91.65,
                    "end": 92.32,
                    "note": 66
                },
                {
                    "word": " 愿",
                    "start": 92.32,
                    "end": 92.97,
                    "note": 55
                },
                {
                    "word": " 翻",
                    "start": 93.43,
                    "end": 94.28,
                    "note": 58
                },
                {
                    "word": " 百",
                    "start": 94.28,
                    "end": 94.37,
                    "note": 69
                },
                {
                    "word": " 千",
                    "start": 94.37,
                    "end": 94.51,
                    "note": 73
                },
                {
                    "word": " 浪",
                    "start": 94.51,
                    "end": 95.18,
                    "note": 59
                }
            ]
        },
        {
            "start": 95.18,
            "end": 110.67,
            "text": "在 我 心 中 起 伏 够",
            "words": [
                {
                    "word": "在",
                    "start": 95.18,
                    "end": 95.25,
                    "note": 59
                },
                {
                    "word": " 我",
                    "start": 95.84,
                    "end": 96.35,
                    "note": 62
                },
                {
                    "word": " 心",
                    "start": 96.38,
                    "end": 97.73,
                    "note": 51
                },
                {
                    "word": " 中",
                    "start": 98.8,
                    "end": 103.61,
                    "note": 58
                },
                {
                    "word": " 起",
                    "start": 103.61,
                    "end": 103.67,
                    "note": 64
                },
                {
                    "word": " 伏",
                    "start": 103.67,
                    "end": 104.28,
                    "note": 55
                },
                {
                    "word": " 够",
                    "start": 110.61,
                    "end": 110.67,
                    "note": -1
                }
            ]
        },
        {
            "start": 112.92,
            "end": 134.21,
            "text": "爱 你 恨 你 问 君 知 否",
            "words": [
                {
                    "word": "爱",
                    "start": 112.92,
                    "end": 112.98,
                    "note": -1
                },
                {
                    "word": " 你",
                    "start": 117.44,
                    "end": 117.63,
                    "note": 54
                },
                {
                    "word": " 恨",
                    "start": 117.63,
                    "end": 120.14,
                    "note": 59
                },
                {
                    "word": " 你",
                    "start": 120.96,
                    "end": 121.02,
                    "note": 54
                },
                {
                    "word": " 问",
                    "start": 121.94,
                    "end": 123.37,
                    "note": 56
                },
                {
                    "word": " 君",
                    "start": 125.15,
                    "end": 129.86,
                    "note": 72
                },
                {
                    "word": " 知",
                    "start": 130.75,
                    "end": 134.12,
                    "note": 66
                },
                {
                    "word": " 否",
                    "start": 134.12,
                    "end": 134.21,
                    "note": 55
                }
            ]
        },
        {
            "start": 134.21,
            "end": 139.61,
            "text": "似 大 江 一 发 不 收",
            "words": [
                {
                    "word": "似",
                    "start": 134.21,
                    "end": 134.41,
                    "note": 58
                },
                {
                    "word": " 大",
                    "start": 134.41,
                    "end": 134.53,
                    "note": 57
                },
                {
                    "word": " 江",
                    "start": 134.53,
                    "end": 136.29,
                    "note": 58
                },
                {
                    "word": " 一",
                    "start": 136.29,
                    "end": 137.6,
                    "note": 63
                },
                {
                    "word": " 发",
                    "start": 137.6,
                    "end": 137.66,
                    "note": 55
                },
                {
                    "word": " 不",
                    "start": 137.66,
                    "end": 137.73,
                    "note": 55
                },
                {
                    "word": " 收",
                    "start": 138.51,
                    "end": 139.61,
                    "note": 68
                }
            ]
        },
        {
            "start": 139.61,
            "end": 150.73,
            "text": "转 千 弯 转 千 滩",
            "words": [
                {
                    "word": "转",
                    "start": 139.61,
                    "end": 141.12,
                    "note": 72
                },
                {
                    "word": " 千",
                    "start": 141.36,
                    "end": 142.96,
                    "note": 61
                },
                {
                    "word": " 弯",
                    "start": 143.2,
                    "end": 144.28,
                    "note": 68
                },
                {
                    "word": " 转",
                    "start": 144.28,
                    "end": 144.56,
                    "note": 75
                },
                {
                    "word": " 千",
                    "start": 144.56,
                    "end": 146.57,
                    "note": 68
                },
                {
                    "word": " 滩",
                    "start": 146.8,
                    "end": 150.73,
                    "note": 64
                }
            ]
        },
        {
            "start": 150.73,
            "end": 154.42,
            "text": "亦 未 平 复 此 中 争 斗",
            "words": [
                {
                    "word": "亦",
                    "start": 150.73,
                    "end": 150.76,
                    "note": 57
                },
                {
                    "word": " 未",
                    "start": 150.76,
                    "end": 150.82,
                    "note": 53
                },
                {
                    "word": " 平",
                    "start": 150.82,
                    "end": 150.94,
                    "note": 55
                },
                {
                    "word": " 复",
                    "start": 150.94,
                    "end": 151.12,
                    "note": 56
                },
                {
                    "word": " 此",
                    "start": 152.14,
                    "end": 152.33,
                    "note": 70
                },
                {
                    "word": " 中",
                    "start": 152.33,
                    "end": 152.95,
                    "note": 65
                },
                {
                    "word": " 争",
                    "start": 152.95,
                    "end": 154.31,
                    "note": 71
                },
                {
                    "word": " 斗",
                    "start": 154.31,
                    "end": 154.42,
                    "note": 60
                }
            ]
        },
        {
            "start": 154.42,
            "end": 156.28,
            "text": "又 有 喜 又 有 愁",
            "words": [
                {
                    "word": "又",
                    "start": 154.42,
                    "end": 154.54,
                    "note": 60
                },
                {
                    "word": " 有",
                    "start": 154.54,
                    "end": 154.61,
                    "note": 60
                },
                {
                    "word": " 喜",
                    "start": 154.61,
                    "end": 155.03,
                    "note": 61
                },
                {
                    "word": " 又",
                    "start": 155.03,
                    "end": 155.46,
                    "note": 66
                },
                {
                    "word": " 有",
                    "start": 155.46,
                    "end": 156.15,
                    "note": 61
                },
                {
                    "word": " 愁",
                    "start": 156.15,
                    "end": 156.28,
                    "note": 56
                }
            ]
        },
        {
            "start": 156.28,
            "end": 166.93,
            "text": "就 算 分 不 清 欢 笑 悲 忧",
            "words": [
                {
                    "word": "就",
                    "start": 156.28,
                    "end": 156.45,
                    "note": 54
                },
                {
                    "word": " 算",
                    "start": 156.45,
                    "end": 157,
                    "note": 57
                },
                {
                    "word": " 分",
                    "start": 157.44,
                    "end": 159.28,
                    "note": 60
                },
                {
                    "word": " 不",
                    "start": 159.84,
                    "end": 159.94,
                    "note": 67
                },
                {
                    "word": " 清",
                    "start": 159.94,
                    "end": 161.61,
                    "note": 58
                },
                {
                    "word": " 欢",
                    "start": 162.83,
                    "end": 163.45,
                    "note": 62
                },
                {
                    "word": " 笑",
                    "start": 163.45,
                    "end": 163.71,
                    "note": 56
                },
                {
                    "word": " 悲",
                    "start": 163.71,
                    "end": 164.3,
                    "note": 54
                },
                {
                    "word": " 忧",
                    "start": 164.5,
                    "end": 166.93,
                    "note": 59
                }
            ]
        },
        {
            "start": 166.93,
            "end": 170,
            "text": "仍 愿 翻 百 千 浪",
            "words": [
                {
                    "word": "仍",
                    "start": 166.93,
                    "end": 167.53,
                    "note": 52
                },
                {
                    "word": " 愿",
                    "start": 168.25,
                    "end": 168.45,
                    "note": 49
                },
                {
                    "word": " 翻",
                    "start": 168.45,
                    "end": 168.93,
                    "note": 55
                },
                {
                    "word": " 百",
                    "start": 168.93,
                    "end": 168.99,
                    "note": 57
                },
                {
                    "word": " 千",
                    "start": 168.99,
                    "end": 169.11,
                    "note": 56
                },
                {
                    "word": " 浪",
                    "start": 169.11,
                    "end": 170,
                    "note": 60
                }
            ]
        },
        {
            "start": 170,
            "end": 172,
            "text": "在 我 心 中 起 伏 够",
            "words": [
                {
                    "word": "在",
                    "start": 170,
                    "end": 170.06,
                    "note": 59
                },
                {
                    "word": " 我",
                    "start": 170.58,
                    "end": 171.11,
                    "note": 62
                },
                {
                    "word": " 心",
                    "start": 171.14,
                    "end": 171.19,
                    "note": 55
                },
                {
                    "word": " 中",
                    "start": 171.19,
                    "end": 171.31,
                    "note": 64
                },
                {
                    "word": " 起",
                    "start": 171.31,
                    "end": 171.61,
                    "note": 56
                },
                {
                    "word": " 伏",
                    "start": 171.61,
                    "end": 171.94,
                    "note": 49
                },
                {
                    "word": " 够",
                    "start": 171.94,
                    "end": 172,
                    "note": 46
                }
            ]
        },
        {
            "start": 172,
            "end": 175.96,
            "text": "仍 愿 翻 百 千 浪",
            "words": [
                {
                    "word": "仍",
                    "start": 172,
                    "end": 172.09,
                    "note": 47
                },
                {
                    "word": " 愿",
                    "start": 172.09,
                    "end": 172.39,
                    "note": 49
                },
                {
                    "word": " 翻",
                    "start": 173.56,
                    "end": 174.48,
                    "note": 54
                },
                {
                    "word": " 百",
                    "start": 174.48,
                    "end": 174.54,
                    "note": 56
                },
                {
                    "word": " 千",
                    "start": 174.54,
                    "end": 175.79,
                    "note": 54
                },
                {
                    "word": " 浪",
                    "start": 175.79,
                    "end": 175.96,
                    "note": 57
                }
            ]
        },
        {
            "start": 175.96,
            "end": 190,
            "text": "在 我 心 中 起 伏 够",
            "words": [
                {
                    "word": "在",
                    "start": 175.96,
                    "end": 176.02,
                    "note": 58
                },
                {
                    "word": " 我",
                    "start": 176.02,
                    "end": 176.1,
                    "note": 57
                },
                {
                    "word": " 心",
                    "start": 176.1,
                    "end": 178.92,
                    "note": 54
                },
                {
                    "word": " 中",
                    "start": 179.69,
                    "end": 181.71,
                    "note": 56
                },
                {
                    "word": " 起",
                    "start": 181.71,
                    "end": 181.77,
                    "note": 51
                },
                {
                    "word": " 伏",
                    "start": 181.77,
                    "end": 182.02,
                    "note": 53
                },
                {
                    "word": " 够",
                    "start": 189.96,
                    "end": 190,
                    "note": -1
                }
            ]
        }
    ],
    "language": "vi"
}