{
    "text": "浪 奔 浪 流 万 里 涛 涛 江 水 永 不 休 淘 尽 了 世 间 事 混 作 滔 滔 一 片 潮 流 是 喜 是 愁 浪 里 分 不 清 欢 笑 悲 忧 成 功 失 败 浪 里 看 不 出 有 未 有 爱 你 恨 你 问 君 知 否 似 大 江 一 发 不 收 转 千 弯 转 千 滩 亦 未 平 复 此 中 争 斗 又 有 喜 又 有 愁 就 算 分 不 清 欢 笑 悲 忧 仍 愿 翻 百 千 浪 在 我 心 中 起 伏 够 爱 你 恨 你 问 君 知 否 似 大 江 一 发 不 收 转 千 弯 转 千 滩 亦 未 平 复 此 中 争 斗 又 有 喜 又 有 愁 就 算 分 不 清 欢 笑 悲 忧 仍 愿 翻 百 千 浪 在 我 心 中 起 伏 够 仍 愿 翻 百 千 浪 在 我 心 中 起 伏 够",
    "segments": [
        {
            "start": 18.82,
            "end": 20.61,
            "text": "浪 奔 浪 流",
            "words": [
                {
                    "word": "浪",
                    "start": 18.82,
                    "end": 18.97,
                    "note": 52
                },
                {
                    "word": " 奔",
                    "start": 18.97,
                    "end": 20.21,
                    "note": 71
                },
                {
                    "word": " 浪",
                    "start": 20.21,
                    "end": 20.52,
                    "note": 62
                },
                {
                    "word": " 流",
                    "start": 20.52,
                    "end": 20.61,
                    "note": 63
                }
            ]
        },
        {
            "start": 20.61,
            "end": 30.75,
            "text": "万 里 涛 涛 江 水 永 不 休",
            "words": [
                {
                    "word": "万",
                    "start": 20.61,
                    "end": 20.75,
                    "note": 62
                },
                {
                    "word": " 里",
                    "start": 20.75,
                    "end": 20.82,
                    "note": 62
                },
                {
                    "word": " 涛",
                    "start": 21.59,
                    "end": 23.46,
                    "note": 68
                },
                {
                    "word": " 涛",
                    "start": 24.12,
                    "end": 26.59,
                    "note": 72
                },
                {
                    "word": " 江",
                    "start": 26.59,
                    "end": 28.73,
                    "note": 64
                },
                {
                    "word": " 水",
                    "start": 28.73,
                    "end": 28.82,
                    "note": 58
                },
                {
                    "word": " 永",
                    "start": 28.82,
                    "end": 29.13,
                    "note": 57
                },
                {
                    "word": " 不",
                    "start": 29.52,
                    "end": 29.87,
                    "note": 66
                },
                {
                    "word": " 休",
                    "start": 29.87,
                    "end": 30.75,
                    "note": 64
                }
            ]
        },
        {
            "start": 30.75,
            "end": 33.57,
            "text": "淘 尽 了 世 间 事",
            "words": [
                {
                    "word": "淘",
                    "start": 30.75,
                    "end": 30.81,
                    "note": 59
                },
                {
                    "word": " 尽",
                    "start": 30.81,
                    "end": 31.22,
                    "note": 60
                },
                {
                    "word": " 了",
                    "start": 31.22,
                    "end": 31.31,
                    "note": 58
                },
                {
                    "word": " 世",
                    "start": 31.73,
                    "end": 31.98,
                    "note": 57
                },
                {
                    "word": " 间",
                    "start": 31.98,
                    "end": 33.46,
                    "note": 57
                },
                {
                    "word": " 事",
                    "start": 33.46,
                    "end": 33.57,
                    "note": 48
                }
            ]
        },
        {
            "start": 34.72,
            "end": 41.83,
            "text": "混 作 滔 滔 一 片 潮 流",
            "words": [
                {
                    "word": "混",
                    "start": 34.72,
                    "end": 35.25,
                    "note": 67
                },
                {
                    "word": " 作",
                    "start": 35.25,
                    "end": 35.54,
                    "note": 63
                },
                {
                    "word": " 滔",
                    "start": 35.54,
                    "end": 36.16,
                    "note": 61
                },
                {
                    "word": " 滔",
                    "start": 36.6,
                    "end": 39.38,
                    "note": 61
                },
                {
                    "word": " 一",
                    "start": 40.1,
                    "end": 41.5,
                    "note": 63
                },
                {
                    "word": " 片",
                    "start": 41.5,
                    "end": 41.64,
                    "note": 62
                },
                {
                    "word": " 潮",
                    "start": 41.64,
                    "end": 41.7,
                    "note": 63
                },
                {
                    "word": " 流",
                    "start": 41.7,
                    "end": 41.83,
                    "note": 62
                }
            ]
        },
        {
            "start": 41.83,
            "end": 43.71,
            "text": "是 喜 是 愁",
            "words": [
                {
                    "word": "是",
                    "start": 41.83,
                    "end": 42.01,
                    "note": 62
                },
                {
                    "word": " 喜",
                    "start": 42.44,
                    "end": 43.5,
                    "note": 59
                },
                {
                    "word": " 是",
                    "start": 43.5,
                    "end": 43.64,
                    "note": 59
                },
                {
                    "word": " 愁",
                    "start": 43.64,
                    "end": 43.71,
                    "note": 56
                }
            ]
        },
        {
            "start": 43.71,
            "end": 52.3,
            "text": "浪 里 分 不 清 欢 笑 悲 忧",
            "words": [
                {
                    "word": "浪",
                    "start": 43.71,
                    "end": 44.35,
                    "note": 55
                },
                {
                    "word": " 里",
                    "start": 44.35,
                    "end": 44.41,
                    "note": 53
                },
                {
                    "word": " 分",
                    "start": 45.53,
                    "end": 47.63,
                    "note": 69
                },
                {
                    "word": " 不",
                    "start": 47.63,
                    "end": 47.79,
                    "note": 60
                },
                {
                    "word": " 清",
                    "start": 47.79,
                    "end": 48.5,
                    "note": 59
                },
                {
                    "word": " 欢",
                    "start": 48.5,
                    "end": 48.95,
                    "note": 62
                },
                {
                    "word": " 笑",
                    "start": 48.95,
                    "end": 49.29,
                    "note": 74
                },
                {
                    "word": " 悲",
                    "start": 49.29,
                    "end": 50.02,
                    "note": 56
                },
                {
                    "word": " 忧",
                    "start": 50.76,
                    "end": 52.3,
                    "note": 63
                }
            ]
        },
        {
            "start": 52.3,
            "end": 57.52,
            "text": "成 功 失 败",
            "words": [
                {
                    "word": "成",
                    "start": 52.3,
                    "end": 53.01,
                    "note": 58
                },
                {
                    "word": " 功",
                    "start": 53.12,
                    "end": 54.95,
                    "note": 61
                },
                {
                    "word": " 失",
                    "start": 56.13,
                    "end": 57.46,
                    "note": 63
                },
                {
                    "word": " 败",
                    "start": 57.46,
                    "end": 57.52,
                    "note": 54
                }
            ]
        },
        {
            "start": 57.52,
            "end": 60.17,
            "text": "浪 里 看 不 出 有 未 有",
            "words": [
                {
                    "word": "浪",
                    "start": 57.52,
                    "end": 57.61,
                    "note": 56
                },
                {
                    "word": " 里",
                    "start": 57.61,
                    "end": 57.67,
                    "note": 53
                },
                {
                    "word": " 看",
                    "start": 57.67,
                    "end": 57.85,
                    "note": 58
                },
                {
                    "word": " 不",
                    "start": 57.85,
                    "end": 57.98,
                    "note": 61
                },
                {
                    "word": " 出",
                    "start": 57.98,
                    "end": 58.58,
                    "note": 67
                },
                {
                    "word": " 有",
                    "start": 58.58,
                    "end": 58.86,
                    "note": 69
                },
                {
                    "word": " 未",
                    "start": 58.86,
                    "end": 59.6,
                    "note": 62
                },
                {
                    "word": " 有",
                    "start": 59.6,
                    "end": 60.17,
                    "note": 70
                }
            ]
        },
        {
            "start": 60.17,
            "end": 70.18,
            "text": "爱 你 恨 你 问 君 知 否",
            "words": [
                {
                    "word": "爱",
                    "start": 60.17,
                    "end": 60.23,
                    "note": 55
                },
                {
                    "word": " 你",
                    "start": 60.23,
                    "end": 60.34,
                    "note": 55
                },
                {
                    "word": " 恨",
                    "start": 60.34,
                    "end": 60.49,
                    "note": 59
                },
                {
                    "word": " 你",
                    "start": 60.49,
                    "end": 60.55,
                    "note": 65
                },
                {
                    "word": " 问",
                    "start": 60.55,
                    "end": 60.68,
                    "note": 62
                },
                {
                    "word": " 君",
                    "start": 61.17,
                    "end": 65.94,
                    "note": 71
                },
                {
                    "word": " 知",
                    "start": 66.78,
                    "end": 70.07,
                    "note": 67
                },
                {
                    "word": " 否",
                    "start": 70.07,
                    "end": 70.18,
                    "note": 62
                }
            ]
        },
        {
            "start": 70.18,
            "end": 73.81,
            "text": "似 大 江 一 发 不 收",
            "words": [
                {
                    "word": "似",
                    "start": 70.18,
                    "end": 70.35,
                    "note": 64
                },
                {
                    "word": " 大",
                    "start": 70.35,
                    "end": 70.41,
                    "note": 57
                },
                {
                    "word": " 江",
                    "start": 70.41,
                    "end": 71.31,
                    "note": 60
                },
                {
                    "word": " 一",
                    "start": 71.86,
                    "end": 72.88,
                    "note": 57
                },
                {
                    "word": " 发",
                    "start": 72.88,
                    "end": 72.94,
                    "note": 58
                },
                {
                    "word": " 不",
                    "start": 72.94,
                    "end": 73.01,
                    "note": 69
                },
                {
                    "word": " 收",
                    "start": 73.01,
                    "end": 73.81,
                    "note": 70
                }
            ]
        },
        {
            "start": 73.81,
            "end": 77.74,
            "text": "转 千 弯 转 千 滩",
            "words": [
                {
                    "word": "转",
                    "start": 73.81,
                    "end": 74.04,
                    "note": 61
                },
                {
                    "word": " 千",
                    "start": 74.49,
                    "end": 75.36,
                    "note": 66
                },
                {
                    "word": " 弯",
                    "start": 75.36,
                    "end": 75.61,
                    "note": 64
                },
                {
                    "word": " 转",
                    "start": 75.61,
                    "end": 76.9,
                    "note": 77
                },
                {
                    "word": " 千",
                    "start": 76.9,
                    "end": 77.22,
                    "note": 62
                },
                {
                    "word": " 滩",
                    "start": 77.22,
                    "end": 77.74,
                    "note": 60
                }
            ]
        },
        {
            "start": 77.74,
            "end": 81.78,
            "text": "亦 未 平 复 此 中 争 斗",
            "words": [
                {
                    "word": "亦",
                    "start": 77.74,
                    "end": 77.86,
                    "note": 60
                },
                {
                    "word": " 未",
                    "start": 77.86,
                    "end": 78.17,
                    "note": 66
                },
                {
                    "word": " 平",
                    "start": 78.17,
                    "end": 78.7,
                    "note": 56
                },
                {
                    "word": " 复",
                    "start": 78.7,
                    "end": 79.47,
                    "note": 71
                },
                {
                    "word": " 此",
                    "start": 79.47,
                    "end": 79.64,
                    "note": 68
                },
                {
                    "word": " 中",
                    "start": 79.64,
                    "end": 80.21,
                    "note": 69
                },
                {
                    "word": " 争",
                    "start": 80.21,
                    "end": 80.96,
                    "note": 67
                },
                {
                    "word": " 斗",
                    "start": 80.96,
                    "end": 81.78,
                    "note": 73
                }
            ]
        },
        {
            "start": 81.78,
            "end": 83.57,
            "text": "又 有 喜 又 有 愁",
            "words": [
                {
                    "word": "又",
                    "start": 81.78,
                    "end": 82.01,
                    "note": 63
                },
                {
                    "word": " 有",
                    "start": 82.01,
                    "end": 82.29,
                    "note": 59
                },
                {
                    "word": " 喜",
                    "start": 82.89,
                    "end": 82.97,
                    "note": 58
                },
                {
                    "word": " 又",
                    "start": 82.97,
                    "end": 83.27,
                    "note": 63
                },
                {
                    "word": " 有",
                    "start": 83.27,
                    "end": 83.43,
                    "note": 68
                },
                {
                    "word": " 愁",
                    "start": 83.43,
                    "end": 83.57,
                    "note": 67
                }
            ]
        },
        {
            "start": 83.57,
            "end": 91.64,
            "text": "就 算 分 不 清 欢 笑 悲 忧",
            "words": [
                {
                    "word": "就",
                    "start": 83.57,
                    "end": 83.66,
                    "note": 66
                },
                {
                    "word": " 算",
                    "start": 83.66,
                    "end": 83.9,
                    "note": 63
                },
                {
                    "word": " 分",
                    "start": 83.9,
                    "end": 84.74,
                    "note": 61
                },
                {
                    "word": " 不",
                    "start": 85.16,
                    "end": 85.22,
                    "note": 60
                },
                {
                    "word": " 清",
                    "start": 85.22,
                    "end": 86.12,
                    "note": 69
                },
                {
                    "word": " 欢",
                    "start": 86.12,
                    "end": 87.27,
                    "note": 58
                },
                {
                    "word": " 笑",
                    "start": 88.09,
                    "end": 88.48,
                    "note": 67
                },
                {
                    "word": " 悲",
                    "start": 88.48,
                    "end": 90.99,
                    "note": 67
                },
                {
                    "word": " 忧",
                    "start": 90.99,
                    "end": 91.64,
                    "note": 57
                }
            ]
        },
        {
            "start": 91.64,
            "end": 95.27,
            "text": "仍 愿 翻 百 千 浪",
            "words": [
                {
                    "word": "仍",
                    "start": 91.64,
                    "end": 92.95,
                    "note": 62
                },
                {
                    "word": " 愿",
                    "start": 93.42,
                    "end": 93.59,
                    "note": 61
                },
                {
                    "word": " 翻",
                    "start": 93.59,
                    "end": 94.28,
                    "note": 56
                },
                {
                    "word": " 百",
                    "start": 94.28,
                    "end": 94.36,
                    "note": 67
                },
                {
                    "word": " 千",
                    "start": 94.36,
                    "end": 94.53,
                    "note": 73
                },
                {
                    "word": " 浪",
                    "start": 94.53,
                    "end": 95.27,
                    "note": 60
                }
            ]
        },
        {
            "start": 95.27,
            "end": 110.68,
            "text": "在 我 心 中 起 伏 够",
            "words": [
                {
                    "word": "在",
                    "start": 95.27,
                    "end": 95.33,
                    "note": 59
                },
                {
                    "word": " 我",
                    "start": 95.84,
                    "end": 96.35,
                    "note": 62
                },
                {
                    "word": " 心",
                    "start": 96.38,
                    "end": 97.73,
                    "note": 51
                },
                {
                    "word": " 中",
                    "start": 98.79,
                    "end": 103.61,
                    "note": 58
                },
                {
                    "word": " 起",
                    "start": 103.61,
                    "end": 103.67,
                    "note": 64
                },
                {
                    "word": " 伏",
                    "start": 103.67,
                    "end": 104.28,
                    "note": 55
                },
                {
                    "word": " 够",
                    "start": 110.62,
                    "end": 110.68,
                    "note": 46
                }
            ]
        },
        {
            "start": 115.93,
            "end": 134.21,
            "text": "爱 你 恨 你 问 君 知 否",
            "words": [
                {
                    "word": "爱",
                    "start": 115.93,
                    "end": 115.99,
                    "note": 59
                },
                {
                    "word": " 你",
                    "start": 117.44,
                    "end": 117.56,
                    "note": 53
                },
                {
                    "word": " 恨",
                    "start": 117.56,
                    "end": 118.94,
                    "note": 55
                },
                {
                    "word": " 你",
                    "start": 120.81,
                    "end": 120.87,
                    "note": 54
                },
                {
                    "word": " 问",
                    "start": 122.44,
                    "end": 122.94,
                    "note": 57
                },
                {
                    "word": " 君",
                    "start": 125.18,
                    "end": 129.86,
                    "note": 72
                },
                {
                    "word": " 知",
                    "start": 130.75,
                    "end": 134.12,
                    "note": 66
                },
                {
                    "word": " 否",
                    "start": 134.12,
                    "end": 134.21,
                    "note": 55
                }
            ]
        },
        {
            "start": 134.21,
            "end": 139.61,
            "text": "似 大 江 一 发 不 收",
            "words": [
                {
                    "word": "似",
                    "start": 134.21,
                    "end": 134.41,
                    "note": 59
                },
                {
                    "word": " 大",
                    "start": 134.41,
                    "end": 134.47,
                    "note": 58
                },
                {
                    "word": " 江",
                    "start": 134.47,
                    "end": 136.34,
                    "note": 62
                },
                {
                    "word": " 一",
                    "start": 136.34,
                    "end": 137.6,
                    "note": 63
                },
                {
                    "word": " 发",
                    "start": 137.6,
                    "end": 137.66,
                    "note": 56
                },
                {
                    "word": " 不",
                    "start": 137.66,
                    "end": 137.73,
                    "note": 56
                },
                {
                    "word": " 收",
                    "start": 138.51,
                    "end": 139.61,
                    "note": 70
                }
            ]
        },
        {
            "start": 139.61,
            "end": 150.74,
            "text": "转 千 弯 转 千 滩",
            "words": [
                {
                    "word": "转",
                    "start": 139.61,
                    "end": 140.99,
                    "note": 72
                },
                {
                    "word": " 千",
                    "start": 141.36,
                    "end": 142.96,
                    "note": 61
                },
                {
                    "word": " 弯",
                    "start": 143.2,
                    "end": 147.68,
                    "note": 68
                },
                {
                    "word": " 转",
                    "start": 147.68,
                    "end": 148.03,
                    "note": 61
                },
                {
                    "word": " 千",
                    "start": 148.03,
                    "end": 150.31,
                    "note": 65
                },
                {
                    "word": " 滩",
                    "start": 150.31,
                    "end": 150.74,
                    "note": 55
                }
            ]
        },
        {
            "start": 150.74,
            "end": 154.42,
            "text": "亦 未 平 复 此 中 争 斗",
            "words": [
                {
                    "word": "亦",
                    "start": 150.74,
                    "end": 150.77,
                    "note": 57
                },
                {
                    "word": " 未",
                    "start": 150.77,
                    "end": 150.83,
                    "note": 52
                },
                {
                    "word": " 平",
                    "start": 150.83,
                    "end": 150.94,
                    "note": 55
                },
                {
                    "word": " 复",
                    "start": 150.94,
                    "end": 151.12,
                    "note": 56
                },
                {
                    "word": " 此",
                    "start": 152.15,
                    "end": 152.33,
                    "note": 77
                },
                {
                    "word": " 中",
                    "start": 152.33,
                    "end": 152.87,
                    "note": 65
                },
                {
                    "word": " 争",
                    "start": 152.87,
                    "end": 154.31,
                    "note": 71
                },
                {
                    "word": " 斗",
                    "start": 154.31,
                    "end": 154.42,
                    "note": 60
                }
            ]
        },
        {
            "start": 154.42,
            "end": 156.28,
            "text": "又 有 喜 又 有 愁",
            "words": [
                {
                    "word": "又",
                    "start": 154.42,
                    "end": 154.54,
                    "note": 60
                },
                {
                    "word": " 有",
                    "start": 154.54,
                    "end": 154.61,
                    "note": 60
                },
                {
                    "word": " 喜",
                    "start": 154.61,
                    "end": 155.03,
                    "note": 61
                },
                {
                    "word": " 又",
                    "start": 155.03,
                    "end": 155.46,
                    "note": 66
                },
                {
                    "word": " 有",
                    "start": 155.46,
                    "end": 156.15,
                    "note": 62
                },
                {
                    "word": " 愁",
                    "start": 156.15,
                    "end": 156.28,
                    "note": 56
                }
            ]
        },
        {
            "start": 156.28,
            "end": 166.93,
            "text": "就 算 分 不 清 欢 笑 悲 忧",
            "words": [
                {
                    "word": "就",
                    "start": 156.28,
                    "end": 156.45,
                    "note": 54
                },
                {
                    "word": " 算",
                    "start": 156.45,
                    "end": 156.85,
                    "note": 57
                },
                {
                    "word": " 分",
                    "start": 157.44,
                    "end": 159.28,
                    "note": 60
                },
                {
                    "word": " 不",
                    "start": 159.83,
                    "end": 159.94,
                    "note": 70
                },
                {
                    "word": " 清",
                    "start": 159.94,
                    "end": 161.51,
                    "note": 59
                },
                {
                    "word": " 欢",
                    "start": 162.82,
                    "end": 163.48,
                    "note": 62
                },
                {
                    "word": " 笑",
                    "start": 163.48,
                    "end": 163.71,
                    "note": 57
                },
                {
                    "word": " 悲",
                    "start": 163.71,
                    "end": 164.3,
                    "note": 54
                },
                {
                    "word": " 忧",
                    "start": 164.5,
                    "end": 166.93,
                    "note": 59
                }
            ]
        },
        {
            "start": 166.93,
            "end": 170,
            "text": "仍 愿 翻 百 千 浪",
            "words": [
                {
                    "word": "仍",
                    "start": 166.93,
                    "end": 167.54,
                    "note": 52
                },
                {
                    "word": " 愿",
                    "start": 168.25,
                    "end": 168.45,
                    "note": 50
                },
                {
                    "word": " 翻",
                    "start": 168.45,
                    "end": 168.93,
                    "note": 55
                },
                {
                    "word": " 百",
                    "start": 168.93,
                    "end": 168.99,
                    "note": 57
                },
                {
                    "word": " 千",
                    "start": 168.99,
                    "end": 169.11,
                    "note": 56
                },
                {
                    "word": " 浪",
                    "start": 169.11,
                    "end": 170,
                    "note": 60
                }
            ]
        },
        {
            "start": 170,
            "end": 173.87,
            "text": "在 我 心 中 起 伏 够",
            "words": [
                {
                    "word": "在",
                    "start": 170,
                    "end": 170.06,
                    "note": 59
                },
                {
                    "word": " 我",
                    "start": 170.58,
                    "end": 171.11,
                    "note": 61
                },
                {
                    "word": " 心",
                    "start": 171.14,
                    "end": 171.17,
                    "note": 55
                },
                {
                    "word": " 中",
                    "start": 171.17,
                    "end": 171.2,
                    "note": 54
                },
                {
                    "word": " 起",
                    "start": 171.2,
                    "end": 171.63,
                    "note": 57
                },
                {
                    "word": " 伏",
                    "start": 171.63,
                    "end": 172.28,
                    "note": 48
                },
                {
                    "word": " 够",
                    "start": 173.64,
                    "end": 173.87,
                    "note": 60
                }
            ]
        },
        {
            "start": 173.87,
            "end": 177.41,
            "text": "仍 愿 翻 百 千 浪",
            "words": [
                {
                    "word": "仍",
                    "start": 173.87,
                    "end": 174.01,
                    "note": 49
                },
                {
                    "word": " 愿",
                    "start": 174.01,
                    "end": 174.1,
                    "note": 49
                },
                {
                    "word": " 翻",
                    "start": 174.1,
                    "end": 175.19,
                    "note": 54
                },
                {
                    "word": " 百",
                    "start": 175.19,
                    "end": 175.25,
                    "note": 54
                },
                {
                    "word": " 千",
                    "start": 175.5,
                    "end": 177.32,
                    "note": 55
                },
                {
                    "word": " 浪",
                    "start": 177.32,
                    "end": 177.41,
                    "note": 53
                }
            ]
        },
        {
            "start": 177.45,
            "end": 189.76,
            "text": "在 我 心 中 起 伏 够",
            "words": [
                {
                    "word": "在",
                    "start": 177.45,
                    "end": 177.51,
                    "note": 50
                },
                {
                    "word": " 我",
                    "start": 177.51,
                    "end": 178.38,
                    "note": 57
                },
                {
                    "word": " 心",
                    "start": 178.38,
                    "end": 178.92,
                    "note": 47
                },
                {
                    "word": " 中",
                    "start": 179.69,
                    "end": 181.53,
                    "note": 56
                },
                {
                    "word": " 起",
                    "start": 181.53,
                    "end": 181.59,
                    "note": 48
                },
                {
                    "word": " 伏",
                    "start": 181.59,
                    "end": 182.02,
                    "note": 53
                },
                {
                    "word": " 够",
                    "start": 189.72,
                    "end": 189.76,
                    "note": -1
                }
            ]
        }
    ],
    "language": "vi"
}