{
    "text": "浪奔浪流 万里涛涛江水永不休 淘尽了世间事 混作滔滔一片潮流 是喜是愁 浪里分不清欢笑悲忧 成功失败 浪里看不出有未有 爱你恨你问君知否 似大江一发不收 转千弯转千滩 亦未平复此中争斗 又有喜又有愁 就算分不清欢笑悲忧 仍愿翻百千浪 在我心中起伏够 爱你恨你问君知否 似大江一发不收 转千弯转千滩 亦未平复此中争斗 又有喜又有愁 就算分不清欢笑悲忧 仍愿翻百千浪 在我心中起伏够 仍愿翻百千浪 在我心中起伏够",
    "segments": [
        {
            "start": 7.47,
            "end": 7.5,
            "text": "浪奔浪流",
            "words": [
                {
                    "word": "浪奔浪流",
                    "start": 7.47,
                    "end": 7.5,
                    "note": 53
                }
            ]
        },
        {
            "start": 8.57,
            "end": 8.6,
            "text": "万里涛涛江水永不休",
            "words": [
                {
                    "word": "万里涛涛江水永不休",
                    "start": 8.57,
                    "end": 8.6,
                    "note": 74
                }
            ]
        },
        {
            "start": 18.84,
            "end": 20.87,
            "text": "淘尽了世间事",
            "words": [
                {
                    "word": "淘尽了世间事",
                    "start": 18.84,
                    "end": 20.87,
                    "note": 68
                }
            ]
        },
        {
            "start": 21.57,
            "end": 23.44,
            "text": "混作滔滔一片潮流",
            "words": [
                {
                    "word": "混作滔滔一片潮流",
                    "start": 21.57,
                    "end": 23.44,
                    "note": 68
                }
            ]
        },
        {
            "start": 24.11,
            "end": 28.99,
            "text": "是喜是愁",
            "words": [
                {
                    "word": "是喜是愁",
                    "start": 24.11,
                    "end": 28.99,
                    "note": 68
                }
            ]
        },
        {
            "start": 29.54,
            "end": 31.22,
            "text": "浪里分不清欢笑悲忧",
            "words": [
                {
                    "word": "浪里分不清欢笑悲忧",
                    "start": 29.54,
                    "end": 31.22,
                    "note": 64
                }
            ]
        },
        {
            "start": 31.22,
            "end": 31.31,
            "text": "成功失败",
            "words": [
                {
                    "word": "成功失败",
                    "start": 31.22,
                    "end": 31.31,
                    "note": 58
                }
            ]
        },
        {
            "start": 31.74,
            "end": 33.43,
            "text": "浪里看不出有未有",
            "words": [
                {
                    "word": "浪里看不出有未有",
                    "start": 31.74,
                    "end": 33.43,
                    "note": 58
                }
            ]
        },
        {
            "start": 33.43,
            "end": 33.57,
            "text": "爱你恨你问君知否",
            "words": [
                {
                    "word": "爱你恨你问君知否",
                    "start": 33.43,
                    "end": 33.57,
                    "note": 49
                }
            ]
        },
        {
            "start": 34.75,
            "end": 35.22,
            "text": "似大江一发不收",
            "words": [
                {
                    "word": "似大江一发不收",
                    "start": 34.75,
                    "end": 35.22,
                    "note": 67
                }
            ]
        },
        {
            "start": 35.22,
            "end": 36.3,
            "text": "转千弯转千滩",
            "words": [
                {
                    "word": "转千弯转千滩",
                    "start": 35.22,
                    "end": 36.3,
                    "note": 61
                }
            ]
        },
        {
            "start": 36.59,
            "end": 37.64,
            "text": "亦未平复此中争斗",
            "words": [
                {
                    "word": "亦未平复此中争斗",
                    "start": 36.59,
                    "end": 37.64,
                    "note": 63
                }
            ]
        },
        {
            "start": 37.64,
            "end": 38.04,
            "text": "又有喜又有愁",
            "words": [
                {
                    "word": "又有喜又有愁",
                    "start": 37.64,
                    "end": 38.04,
                    "note": 60
                }
            ]
        },
        {
            "start": 38.04,
            "end": 39.26,
            "text": "就算分不清欢笑悲忧",
            "words": [
                {
                    "word": "就算分不清欢笑悲忧",
                    "start": 38.04,
                    "end": 39.26,
                    "note": 60
                }
            ]
        },
        {
            "start": 40.08,
            "end": 40.28,
            "text": "仍愿翻百千浪",
            "words": [
                {
                    "word": "仍愿翻百千浪",
                    "start": 40.08,
                    "end": 40.28,
                    "note": 58
                }
            ]
        },
        {
            "start": 40.28,
            "end": 40.91,
            "text": "在我心中起伏够",
            "words": [
                {
                    "word": "在我心中起伏够",
                    "start": 40.28,
                    "end": 40.91,
                    "note": 58
                }
            ]
        },
        {
            "start": 40.91,
            "end": 40.99,
            "text": "爱你恨你问君知否",
            "words": [
                {
                    "word": "爱你恨你问君知否",
                    "start": 40.91,
                    "end": 40.99,
                    "note": 59
                }
            ]
        },
        {
            "start": 40.99,
            "end": 41.05,
            "text": "似大江一发不收",
            "words": [
                {
                    "word": "似大江一发不收",
                    "start": 40.99,
                    "end": 41.05,
                    "note": 53
                }
            ]
        },
        {
            "start": 41.05,
            "end": 42.09,
            "text": "转千弯转千滩",
            "words": [
                {
                    "word": "转千弯转千滩",
                    "start": 41.05,
                    "end": 42.09,
                    "note": 65
                }
            ]
        },
        {
            "start": 42.45,
            "end": 44.48,
            "text": "亦未平复此中争斗",
            "words": [
                {
                    "word": "亦未平复此中争斗",
                    "start": 42.45,
                    "end": 44.48,
                    "note": 57
                }
            ]
        },
        {
            "start": 45.49,
            "end": 45.55,
            "text": "又有喜又有愁",
            "words": [
                {
                    "word": "又有喜又有愁",
                    "start": 45.49,
                    "end": 45.55,
                    "note": 56
                }
            ]
        },
        {
            "start": 45.55,
            "end": 48.96,
            "text": "就算分不清欢笑悲忧",
            "words": [
                {
                    "word": "就算分不清欢笑悲忧",
                    "start": 45.55,
                    "end": 48.96,
                    "note": 66
                }
            ]
        },
        {
            "start": 48.96,
            "end": 49.27,
            "text": "仍愿翻百千浪",
            "words": [
                {
                    "word": "仍愿翻百千浪",
                    "start": 48.96,
                    "end": 49.27,
                    "note": 74
                }
            ]
        },
        {
            "start": 49.27,
            "end": 50.02,
            "text": "在我心中起伏够",
            "words": [
                {
                    "word": "在我心中起伏够",
                    "start": 49.27,
                    "end": 50.02,
                    "note": 58
                }
            ]
        },
        {
            "start": 50.76,
            "end": 52.51,
            "text": "仍愿翻百千浪",
            "words": [
                {
                    "word": "仍愿翻百千浪",
                    "start": 50.76,
                    "end": 52.51,
                    "note": 63
                }
            ]
        },
        {
            "start": 53.12,
            "end": 54.21,
            "text": "在我心中起伏够",
            "words": [
                {
                    "word": "在我心中起伏够",
                    "start": 53.12,
                    "end": 54.21,
                    "note": 66
                }
            ]
        }
    ],
    "language": "vi"
}