{
    "text": "浪 奔 浪 流 万 里 涛 涛 江 水 永 不 休 淘 尽 了 世 间 事 混 作 滔 滔 一 片 潮 流 是 喜 是 愁 浪 里 分 不 清 欢 笑 悲 忧 成 功 失 败 浪 里 看 不 出 有 未 有 爱 你 恨 你 问 君 知 否 似 大 江 一 发 不 收 转 千 弯 转 千 滩 亦 未 平 复 此 中 争 斗 又 有 喜 又 有 愁 就 算 分 不 清 欢 笑 悲 忧 仍 愿 翻 百 千 浪 在 我 心 中 起 伏 够 爱 你 恨 你 问 君 知 否 似 大 江 一 发 不 收 转 千 弯 转 千 滩 亦 未 平 复 此 中 争 斗 又 有 喜 又 有 愁 就 算 分 不 清 欢 笑 悲 忧 仍 愿 翻 百 千 浪 在 我 心 中 起 伏 够 仍 愿 翻 百 千 浪 在 我 心 中 起 伏 够",
    "segments": [
        {
            "start": 7.61,
            "end": 20.61,
            "text": "浪 奔 浪 流",
            "words": [
                {
                    "word": "浪",
                    "start": 7.61,
                    "end": 7.7,
                    "note": 73
                },
                {
                    "word": " 奔",
                    "start": 18.85,
                    "end": 19.74,
                    "note": 71
                },
                {
                    "word": " 浪",
                    "start": 19.74,
                    "end": 20.52,
                    "note": 67
                },
                {
                    "word": " 流",
                    "start": 20.52,
                    "end": 20.61,
                    "note": 63
                }
            ]
        },
        {
            "start": 20.61,
            "end": 30.75,
            "text": "万 里 涛 涛 江 水 永 不 休",
            "words": [
                {
                    "word": "万",
                    "start": 20.61,
                    "end": 20.75,
                    "note": 62
                },
                {
                    "word": " 里",
                    "start": 20.75,
                    "end": 20.81,
                    "note": 63
                },
                {
                    "word": " 涛",
                    "start": 21.57,
                    "end": 23.45,
                    "note": 68
                },
                {
                    "word": " 涛",
                    "start": 24.13,
                    "end": 26.2,
                    "note": 72
                },
                {
                    "word": " 江",
                    "start": 26.2,
                    "end": 28.3,
                    "note": 66
                },
                {
                    "word": " 水",
                    "start": 28.3,
                    "end": 28.39,
                    "note": 57
                },
                {
                    "word": " 永",
                    "start": 28.39,
                    "end": 29.11,
                    "note": 57
                },
                {
                    "word": " 不",
                    "start": 29.52,
                    "end": 29.86,
                    "note": 66
                },
                {
                    "word": " 休",
                    "start": 29.86,
                    "end": 30.75,
                    "note": 64
                }
            ]
        },
        {
            "start": 30.75,
            "end": 33.55,
            "text": "淘 尽 了 世 间 事",
            "words": [
                {
                    "word": "淘",
                    "start": 30.75,
                    "end": 30.81,
                    "note": 58
                },
                {
                    "word": " 尽",
                    "start": 30.81,
                    "end": 31.28,
                    "note": 60
                },
                {
                    "word": " 了",
                    "start": 31.28,
                    "end": 31.37,
                    "note": 58
                },
                {
                    "word": " 世",
                    "start": 31.73,
                    "end": 31.98,
                    "note": 56
                },
                {
                    "word": " 间",
                    "start": 31.98,
                    "end": 33.43,
                    "note": 57
                },
                {
                    "word": " 事",
                    "start": 33.43,
                    "end": 33.55,
                    "note": 49
                }
            ]
        },
        {
            "start": 34.71,
            "end": 39.36,
            "text": "混 作 滔 滔 一 片 潮 流",
            "words": [
                {
                    "word": "混",
                    "start": 34.71,
                    "end": 35.25,
                    "note": 67
                },
                {
                    "word": " 作",
                    "start": 35.25,
                    "end": 35.61,
                    "note": 62
                },
                {
                    "word": " 滔",
                    "start": 35.61,
                    "end": 36.16,
                    "note": 61
                },
                {
                    "word": " 滔",
                    "start": 36.59,
                    "end": 37.7,
                    "note": 63
                },
                {
                    "word": " 一",
                    "start": 37.7,
                    "end": 38.03,
                    "note": 61
                },
                {
                    "word": " 片",
                    "start": 38.03,
                    "end": 38.15,
                    "note": 61
                },
                {
                    "word": " 潮",
                    "start": 38.15,
                    "end": 38.26,
                    "note": 65
                },
                {
                    "word": " 流",
                    "start": 38.26,
                    "end": 39.36,
                    "note": 58
                }
            ]
        },
        {
            "start": 40.07,
            "end": 42.74,
            "text": "是 喜 是 愁",
            "words": [
                {
                    "word": "是",
                    "start": 40.07,
                    "end": 40.36,
                    "note": 72
                },
                {
                    "word": " 喜",
                    "start": 40.36,
                    "end": 42.01,
                    "note": 63
                },
                {
                    "word": " 是",
                    "start": 42.44,
                    "end": 42.68,
                    "note": 60
                },
                {
                    "word": " 愁",
                    "start": 42.68,
                    "end": 42.74,
                    "note": 61
                }
            ]
        },
        {
            "start": 42.74,
            "end": 52.29,
            "text": "浪 里 分 不 清 欢 笑 悲 忧",
            "words": [
                {
                    "word": "浪",
                    "start": 42.74,
                    "end": 42.83,
                    "note": 60
                },
                {
                    "word": " 里",
                    "start": 42.83,
                    "end": 43.5,
                    "note": 59
                },
                {
                    "word": " 分",
                    "start": 43.5,
                    "end": 44.48,
                    "note": 55
                },
                {
                    "word": " 不",
                    "start": 45.51,
                    "end": 45.57,
                    "note": 56
                },
                {
                    "word": " 清",
                    "start": 45.57,
                    "end": 47.48,
                    "note": 69
                },
                {
                    "word": " 欢",
                    "start": 47.48,
                    "end": 48.96,
                    "note": 60
                },
                {
                    "word": " 笑",
                    "start": 48.96,
                    "end": 49.29,
                    "note": 75
                },
                {
                    "word": " 悲",
                    "start": 49.29,
                    "end": 50.02,
                    "note": 56
                },
                {
                    "word": " 忧",
                    "start": 50.76,
                    "end": 52.29,
                    "note": 63
                }
            ]
        },
        {
            "start": 52.29,
            "end": 57.43,
            "text": "成 功 失 败",
            "words": [
                {
                    "word": "成",
                    "start": 52.29,
                    "end": 52.61,
                    "note": 59
                },
                {
                    "word": " 功",
                    "start": 53.11,
                    "end": 54.83,
                    "note": 61
                },
                {
                    "word": " 失",
                    "start": 56.14,
                    "end": 57.37,
                    "note": 64
                },
                {
                    "word": " 败",
                    "start": 57.37,
                    "end": 57.43,
                    "note": 54
                }
            ]
        },
        {
            "start": 57.43,
            "end": 60.17,
            "text": "浪 里 看 不 出 有 未 有",
            "words": [
                {
                    "word": "浪",
                    "start": 57.43,
                    "end": 57.6,
                    "note": 55
                },
                {
                    "word": " 里",
                    "start": 57.6,
                    "end": 57.66,
                    "note": 54
                },
                {
                    "word": " 看",
                    "start": 57.66,
                    "end": 57.85,
                    "note": 57
                },
                {
                    "word": " 不",
                    "start": 57.85,
                    "end": 57.98,
                    "note": 61
                },
                {
                    "word": " 出",
                    "start": 57.98,
                    "end": 58.59,
                    "note": 66
                },
                {
                    "word": " 有",
                    "start": 58.59,
                    "end": 58.86,
                    "note": 69
                },
                {
                    "word": " 未",
                    "start": 58.86,
                    "end": 59.61,
                    "note": 62
                },
                {
                    "word": " 有",
                    "start": 59.61,
                    "end": 60.17,
                    "note": 70
                }
            ]
        },
        {
            "start": 60.17,
            "end": 70.17,
            "text": "爱 你 恨 你 问 君 知 否",
            "words": [
                {
                    "word": "爱",
                    "start": 60.17,
                    "end": 60.23,
                    "note": 55
                },
                {
                    "word": " 你",
                    "start": 60.23,
                    "end": 60.36,
                    "note": 58
                },
                {
                    "word": " 恨",
                    "start": 60.36,
                    "end": 60.49,
                    "note": 60
                },
                {
                    "word": " 你",
                    "start": 60.49,
                    "end": 60.58,
                    "note": 66
                },
                {
                    "word": " 问",
                    "start": 61.17,
                    "end": 61.31,
                    "note": 68
                },
                {
                    "word": " 君",
                    "start": 61.31,
                    "end": 65.92,
                    "note": 71
                },
                {
                    "word": " 知",
                    "start": 66.78,
                    "end": 70.05,
                    "note": 67
                },
                {
                    "word": " 否",
                    "start": 70.05,
                    "end": 70.17,
                    "note": 61
                }
            ]
        },
        {
            "start": 70.17,
            "end": 73.59,
            "text": "似 大 江 一 发 不 收",
            "words": [
                {
                    "word": "似",
                    "start": 70.17,
                    "end": 70.35,
                    "note": 61
                },
                {
                    "word": " 大",
                    "start": 70.35,
                    "end": 70.41,
                    "note": 57
                },
                {
                    "word": " 江",
                    "start": 70.41,
                    "end": 71.31,
                    "note": 60
                },
                {
                    "word": " 一",
                    "start": 71.85,
                    "end": 72.89,
                    "note": 57
                },
                {
                    "word": " 发",
                    "start": 72.89,
                    "end": 72.95,
                    "note": 58
                },
                {
                    "word": " 不",
                    "start": 72.95,
                    "end": 73.01,
                    "note": 69
                },
                {
                    "word": " 收",
                    "start": 73.01,
                    "end": 73.59,
                    "note": 74
                }
            ]
        },
        {
            "start": 73.59,
            "end": 77.74,
            "text": "转 千 弯 转 千 滩",
            "words": [
                {
                    "word": "转",
                    "start": 73.59,
                    "end": 74.05,
                    "note": 59
                },
                {
                    "word": " 千",
                    "start": 74.49,
                    "end": 75.14,
                    "note": 66
                },
                {
                    "word": " 弯",
                    "start": 75.14,
                    "end": 75.61,
                    "note": 65
                },
                {
                    "word": " 转",
                    "start": 75.61,
                    "end": 77.13,
                    "note": 76
                },
                {
                    "word": " 千",
                    "start": 77.28,
                    "end": 77.31,
                    "note": 59
                },
                {
                    "word": " 滩",
                    "start": 77.31,
                    "end": 77.74,
                    "note": 60
                }
            ]
        },
        {
            "start": 77.74,
            "end": 82.95,
            "text": "亦 未 平 复 此 中 争 斗",
            "words": [
                {
                    "word": "亦",
                    "start": 77.74,
                    "end": 77.86,
                    "note": 60
                },
                {
                    "word": " 未",
                    "start": 77.86,
                    "end": 78.42,
                    "note": 63
                },
                {
                    "word": " 平",
                    "start": 78.42,
                    "end": 78.71,
                    "note": 54
                },
                {
                    "word": " 复",
                    "start": 78.71,
                    "end": 79.47,
                    "note": 72
                },
                {
                    "word": " 此",
                    "start": 79.47,
                    "end": 79.64,
                    "note": 68
                },
                {
                    "word": " 中",
                    "start": 79.64,
                    "end": 80.93,
                    "note": 68
                },
                {
                    "word": " 争",
                    "start": 80.93,
                    "end": 82.3,
                    "note": 69
                },
                {
                    "word": " 斗",
                    "start": 82.89,
                    "end": 82.95,
                    "note": 58
                }
            ]
        },
        {
            "start": 82.95,
            "end": 85.83,
            "text": "又 有 喜 又 有 愁",
            "words": [
                {
                    "word": "又",
                    "start": 82.95,
                    "end": 83.27,
                    "note": 63
                },
                {
                    "word": " 有",
                    "start": 83.27,
                    "end": 83.42,
                    "note": 67
                },
                {
                    "word": " 喜",
                    "start": 83.42,
                    "end": 84.73,
                    "note": 63
                },
                {
                    "word": " 又",
                    "start": 85.15,
                    "end": 85.3,
                    "note": 67
                },
                {
                    "word": " 有",
                    "start": 85.3,
                    "end": 85.36,
                    "note": 74
                },
                {
                    "word": " 愁",
                    "start": 85.36,
                    "end": 85.83,
                    "note": 69
                }
            ]
        },
        {
            "start": 85.83,
            "end": 91.65,
            "text": "就 算 分 不 清 欢 笑 悲 忧",
            "words": [
                {
                    "word": "就",
                    "start": 85.83,
                    "end": 86.11,
                    "note": 68
                },
                {
                    "word": " 算",
                    "start": 86.11,
                    "end": 86.4,
                    "note": 60
                },
                {
                    "word": " 分",
                    "start": 86.4,
                    "end": 87.06,
                    "note": 56
                },
                {
                    "word": " 不",
                    "start": 87.06,
                    "end": 87.28,
                    "note": 55
                },
                {
                    "word": " 清",
                    "start": 88.11,
                    "end": 88.51,
                    "note": 65
                },
                {
                    "word": " 欢",
                    "start": 88.51,
                    "end": 88.86,
                    "note": 59
                },
                {
                    "word": " 笑",
                    "start": 88.86,
                    "end": 89.11,
                    "note": 71
                },
                {
                    "word": " 悲",
                    "start": 89.11,
                    "end": 90.85,
                    "note": 69
                },
                {
                    "word": " 忧",
                    "start": 90.85,
                    "end": 91.65,
                    "note": 56
                }
            ]
        },
        {
            "start": 91.65,
            "end": 95.27,
            "text": "仍 愿 翻 百 千 浪",
            "words": [
                {
                    "word": "仍",
                    "start": 91.65,
                    "end": 92.32,
                    "note": 66
                },
                {
                    "word": " 愿",
                    "start": 92.32,
                    "end": 93.12,
                    "note": 55
                },
                {
                    "word": " 翻",
                    "start": 93.43,
                    "end": 94.27,
                    "note": 56
                },
                {
                    "word": " 百",
                    "start": 94.27,
                    "end": 94.37,
                    "note": 68
                },
                {
                    "word": " 千",
                    "start": 94.37,
                    "end": 94.54,
                    "note": 72
                },
                {
                    "word": " 浪",
                    "start": 94.54,
                    "end": 95.27,
                    "note": 60
                }
            ]
        },
        {
            "start": 95.27,
            "end": 103.73,
            "text": "在 我 心 中 起 伏 够",
            "words": [
                {
                    "word": "在",
                    "start": 95.27,
                    "end": 95.33,
                    "note": 59
                },
                {
                    "word": " 我",
                    "start": 95.84,
                    "end": 96.33,
                    "note": 63
                },
                {
                    "word": " 心",
                    "start": 96.36,
                    "end": 97.73,
                    "note": 51
                },
                {
                    "word": " 中",
                    "start": 98.8,
                    "end": 99.63,
                    "note": 56
                },
                {
                    "word": " 起",
                    "start": 99.63,
                    "end": 99.7,
                    "note": 54
                },
                {
                    "word": " 伏",
                    "start": 99.7,
                    "end": 103.62,
                    "note": 59
                },
                {
                    "word": " 够",
                    "start": 103.62,
                    "end": 103.73,
                    "note": 59
                }
            ]
        },
        {
            "start": 103.73,
            "end": 134.21,
            "text": "爱 你 恨 你 问 君 知 否",
            "words": [
                {
                    "word": "爱",
                    "start": 103.73,
                    "end": 103.79,
                    "note": 66
                },
                {
                    "word": " 你",
                    "start": 103.79,
                    "end": 103.85,
                    "note": 55
                },
                {
                    "word": " 恨",
                    "start": 103.85,
                    "end": 104.28,
                    "note": 53
                },
                {
                    "word": " 你",
                    "start": 117.44,
                    "end": 117.56,
                    "note": 54
                },
                {
                    "word": " 问",
                    "start": 117.56,
                    "end": 119.96,
                    "note": 59
                },
                {
                    "word": " 君",
                    "start": 125.12,
                    "end": 129.87,
                    "note": 73
                },
                {
                    "word": " 知",
                    "start": 130.74,
                    "end": 134.12,
                    "note": 66
                },
                {
                    "word": " 否",
                    "start": 134.12,
                    "end": 134.21,
                    "note": 55
                }
            ]
        },
        {
            "start": 134.21,
            "end": 137.51,
            "text": "似 大 江 一 发 不 收",
            "words": [
                {
                    "word": "似",
                    "start": 134.21,
                    "end": 134.41,
                    "note": 59
                },
                {
                    "word": " 大",
                    "start": 134.41,
                    "end": 134.52,
                    "note": 57
                },
                {
                    "word": " 江",
                    "start": 134.52,
                    "end": 136.34,
                    "note": 59
                },
                {
                    "word": " 一",
                    "start": 136.34,
                    "end": 137.34,
                    "note": 65
                },
                {
                    "word": " 发",
                    "start": 137.34,
                    "end": 137.4,
                    "note": 58
                },
                {
                    "word": " 不",
                    "start": 137.4,
                    "end": 137.46,
                    "note": 61
                },
                {
                    "word": " 收",
                    "start": 137.46,
                    "end": 137.51,
                    "note": 56
                }
            ]
        },
        {
            "start": 137.51,
            "end": 141.83,
            "text": "转 千 弯 转 千 滩",
            "words": [
                {
                    "word": "转",
                    "start": 137.51,
                    "end": 137.97,
                    "note": 57
                },
                {
                    "word": " 千",
                    "start": 138.52,
                    "end": 139.03,
                    "note": 70
                },
                {
                    "word": " 弯",
                    "start": 139.03,
                    "end": 139.61,
                    "note": 67
                },
                {
                    "word": " 转",
                    "start": 139.61,
                    "end": 140.53,
                    "note": 75
                },
                {
                    "word": " 千",
                    "start": 140.53,
                    "end": 141.05,
                    "note": 67
                },
                {
                    "word": " 滩",
                    "start": 141.37,
                    "end": 141.83,
                    "note": 60
                }
            ]
        },
        {
            "start": 141.83,
            "end": 146.16,
            "text": "亦 未 平 复 此 中 争 斗",
            "words": [
                {
                    "word": "亦",
                    "start": 141.83,
                    "end": 141.86,
                    "note": 56
                },
                {
                    "word": " 未",
                    "start": 141.86,
                    "end": 142.67,
                    "note": 63
                },
                {
                    "word": " 平",
                    "start": 142.67,
                    "end": 142.95,
                    "note": 54
                },
                {
                    "word": " 复",
                    "start": 143.21,
                    "end": 143.46,
                    "note": 64
                },
                {
                    "word": " 此",
                    "start": 143.46,
                    "end": 143.64,
                    "note": 65
                },
                {
                    "word": " 中",
                    "start": 143.64,
                    "end": 144.32,
                    "note": 69
                },
                {
                    "word": " 争",
                    "start": 144.32,
                    "end": 144.96,
                    "note": 67
                },
                {
                    "word": " 斗",
                    "start": 144.96,
                    "end": 146.16,
                    "note": 71
                }
            ]
        },
        {
            "start": 146.16,
            "end": 147.61,
            "text": "又 有 喜 又 有 愁",
            "words": [
                {
                    "word": "又",
                    "start": 146.16,
                    "end": 146.22,
                    "note": 66
                },
                {
                    "word": " 有",
                    "start": 146.22,
                    "end": 146.28,
                    "note": 62
                },
                {
                    "word": " 喜",
                    "start": 146.28,
                    "end": 146.57,
                    "note": 65
                },
                {
                    "word": " 又",
                    "start": 146.8,
                    "end": 147.23,
                    "note": 67
                },
                {
                    "word": " 有",
                    "start": 147.23,
                    "end": 147.55,
                    "note": 66
                },
                {
                    "word": " 愁",
                    "start": 147.55,
                    "end": 147.61,
                    "note": 70
                }
            ]
        },
        {
            "start": 147.61,
            "end": 155.3,
            "text": "就 算 分 不 清 欢 笑 悲 忧",
            "words": [
                {
                    "word": "就",
                    "start": 147.61,
                    "end": 147.69,
                    "note": 67
                },
                {
                    "word": " 算",
                    "start": 147.69,
                    "end": 148.03,
                    "note": 61
                },
                {
                    "word": " 分",
                    "start": 148.03,
                    "end": 148.82,
                    "note": 62
                },
                {
                    "word": " 不",
                    "start": 148.82,
                    "end": 148.91,
                    "note": 61
                },
                {
                    "word": " 清",
                    "start": 149.25,
                    "end": 151.01,
                    "note": 62
                },
                {
                    "word": " 欢",
                    "start": 152.15,
                    "end": 152.93,
                    "note": 67
                },
                {
                    "word": " 笑",
                    "start": 152.93,
                    "end": 153.15,
                    "note": 70
                },
                {
                    "word": " 悲",
                    "start": 153.15,
                    "end": 154.13,
                    "note": 71
                },
                {
                    "word": " 忧",
                    "start": 154.13,
                    "end": 155.3,
                    "note": 62
                }
            ]
        },
        {
            "start": 155.3,
            "end": 159.27,
            "text": "仍 愿 翻 百 千 浪",
            "words": [
                {
                    "word": "仍",
                    "start": 155.3,
                    "end": 155.57,
                    "note": 66
                },
                {
                    "word": " 愿",
                    "start": 155.57,
                    "end": 155.69,
                    "note": 64
                },
                {
                    "word": " 翻",
                    "start": 155.69,
                    "end": 156.63,
                    "note": 59
                },
                {
                    "word": " 百",
                    "start": 156.63,
                    "end": 156.71,
                    "note": 56
                },
                {
                    "word": " 千",
                    "start": 157.44,
                    "end": 158.32,
                    "note": 59
                },
                {
                    "word": " 浪",
                    "start": 158.32,
                    "end": 159.27,
                    "note": 60
                }
            ]
        },
        {
            "start": 159.27,
            "end": 163.7,
            "text": "在 我 心 中 起 伏 够",
            "words": [
                {
                    "word": "在",
                    "start": 159.27,
                    "end": 159.34,
                    "note": 60
                },
                {
                    "word": " 我",
                    "start": 159.84,
                    "end": 160.39,
                    "note": 68
                },
                {
                    "word": " 心",
                    "start": 160.42,
                    "end": 160.93,
                    "note": 58
                },
                {
                    "word": " 中",
                    "start": 160.93,
                    "end": 161.51,
                    "note": 49
                },
                {
                    "word": " 起",
                    "start": 162.79,
                    "end": 162.97,
                    "note": 56
                },
                {
                    "word": " 伏",
                    "start": 162.97,
                    "end": 163.64,
                    "note": 61
                },
                {
                    "word": " 够",
                    "start": 163.64,
                    "end": 163.7,
                    "note": 55
                }
            ]
        },
        {
            "start": 163.7,
            "end": 169.99,
            "text": "仍 愿 翻 百 千 浪",
            "words": [
                {
                    "word": "仍",
                    "start": 163.7,
                    "end": 164.08,
                    "note": 55
                },
                {
                    "word": " 愿",
                    "start": 164.08,
                    "end": 164.27,
                    "note": 53
                },
                {
                    "word": " 翻",
                    "start": 164.5,
                    "end": 167.32,
                    "note": 58
                },
                {
                    "word": " 百",
                    "start": 167.32,
                    "end": 167.44,
                    "note": 52
                },
                {
                    "word": " 千",
                    "start": 168.28,
                    "end": 169.11,
                    "note": 54
                },
                {
                    "word": " 浪",
                    "start": 169.11,
                    "end": 169.99,
                    "note": 60
                }
            ]
        },
        {
            "start": 169.99,
            "end": 190.25,
            "text": "在 我 心 中 起 伏 够",
            "words": [
                {
                    "word": "在",
                    "start": 169.99,
                    "end": 170.05,
                    "note": 59
                },
                {
                    "word": " 我",
                    "start": 170.58,
                    "end": 171.11,
                    "note": 63
                },
                {
                    "word": " 心",
                    "start": 171.14,
                    "end": 172.32,
                    "note": 52
                },
                {
                    "word": " 中",
                    "start": 173.56,
                    "end": 178.88,
                    "note": 54
                },
                {
                    "word": " 起",
                    "start": 178.88,
                    "end": 178.94,
                    "note": 48
                },
                {
                    "word": " 伏",
                    "start": 179.68,
                    "end": 182.03,
                    "note": 55
                },
                {
                    "word": " 够",
                    "start": 190.21,
                    "end": 190.25,
                    "note": -1
                }
            ]
        }
    ],
    "language": "vi"
}